comparison,metric,objective_status,arm,event_metric_event_weighted_mean,control_metric_event_weighted_mean,event_metric_rollout_weighted_mean,control_metric_rollout_weighted_mean,n_events,n_rollouts,event_weighted_mean,rollout_weighted_mean,rollout_sd,rollout_se,standardized_rollout_effect,bootstrap_ci_low,bootstrap_ci_high,permutation_p_two_sided,permutation_p_directional,event_consistency,rollout_consistency,permutation_p_holm
event_minus_control,delta,all,L17_SV28,-0.2075144430652589,-0.07963243492641854,-0.21003922895957147,-0.10062972503425449,45,19,-0.12788200813884035,-0.10940950392531704,0.5822171560930025,0.13356977613710758,-0.1879187220443915,-0.36418662642128935,0.1448526360543128,0.42907854607269635,0.21258937053147342,0.5111111111111111,0.5789473684210527,0.767861606919654
event_minus_control,delta,all,L18_SV30,0.1582911656747104,0.025749147492855614,0.16960245542964544,0.0356514012229507,45,19,0.13254201818185482,0.1339510542066947,0.6605391627895151,0.15153807678160305,0.2027904804932498,-0.14565482670784433,0.4278207349984585,0.383930803459827,0.19549022548872558,0.5555555555555556,0.42105263157894735,0.767861606919654
event_minus_control,delta,all,L22_SV32,0.2960705514303747,0.12818612139983493,0.41574597709944494,0.12138971745836849,45,19,0.16788443003053977,0.2943562596410765,0.7837264712051313,0.17979918354531088,0.37558545035291035,-0.013851389375599554,0.6651117266301318,0.12644367781610918,0.06304684765761712,0.5333333333333333,0.631578947368421,0.3793310334483275
event_minus_control,delta,correct,L17_SV28,-0.619795920244423,0.05973060956874069,-0.5901418888110446,0.024917293889957337,24,14,-0.6795265298131636,-0.615059182701002,0.5702921068313234,0.15241697672459248,-1.078498501615979,-0.9072888094971293,-0.3303605398329439,0.0015499225038748063,0.0008499575021248938,0.7916666666666666,0.8571428571428571,0.004649767511624419
event_minus_control,delta,correct,L18_SV30,0.0067150487263006875,0.05176108271082747,0.016619879139118665,0.04805490437035583,24,14,-0.04504603398452678,-0.03143502523123716,0.6455566553973227,0.17253227344631944,-0.04869444837787282,-0.33550720795384953,0.30994180919272907,0.8553072346382681,0.4307784610769462,0.5416666666666666,0.7142857142857143,1.0
event_minus_control,delta,correct,L22_SV32,0.18875795812557752,0.1738353096366542,0.13049824625735326,0.11932310163876673,24,14,0.014922648488923307,0.011175144618586581,0.3944733992721122,0.10542745059088036,0.028329272998400178,-0.18724141760957214,0.2087350493103555,0.9165541722913855,0.4577271136443178,0.4166666666666667,0.5714285714285714,1.0
event_minus_control,delta,incorrect,L17_SV28,0.38677125702461035,-0.24955674594423527,0.5208888839339829,-0.15987742153050327,17,13,0.6363280029688455,0.680766305464486,0.7252027170635338,0.20113504472910576,0.9387255307330091,0.28848775164817964,1.0477718387539605,0.0074496275186240685,0.003649817509124544,0.8823529411764706,0.9230769230769231,0.022348882555872206
event_minus_control,delta,incorrect,L18_SV30,0.47063876407349786,-0.014701797254948626,0.3517389525273398,0.007987705810726803,17,13,0.48534056132844644,0.3437512467166129,0.6580651474526814,0.18251443321049338,0.5223665894588811,-0.0028997390101921346,0.6834637084438334,0.08429578521073947,0.04259787010649468,0.7647058823529411,0.6923076923076923,0.16859157042147893
event_minus_control,delta,incorrect,L22_SV32,0.2803092304649062,0.07127683204413318,0.3198212049693015,0.05418211958695055,17,13,0.209032398420773,0.2656390853823509,0.8009858005332121,0.2221534903646975,0.33164019287922003,-0.11952960645240793,0.7172244009865189,0.28313584320783963,0.14359282035898205,0.6470588235294118,0.6923076923076923,0.28313584320783963
event_minus_control,delta,ambiguous,L17_SV28,-0.25953980537221866,-0.19363238007165295,-0.25953980537221866,-0.19363238007165295,4,4,-0.06590742530056574,-0.06590742530056574,0.7465735774867001,0.37328678874335003,-0.08827987928857536,-0.7048701854831843,0.5730553348820528,0.8773561321933904,0.43732813359332035,0.5,0.5,1.0
event_minus_control,delta,ambiguous,L18_SV30,-0.2597294258296778,0.04159405136319254,-0.2597294258296778,0.04159405136319254,4,4,-0.30132347719287034,-0.30132347719287034,0.5053987694779223,0.25269938473896114,-0.5962093605889424,-0.709842433041735,0.10719547865599435,0.37563121843907804,0.18999050047497626,0.75,0.75,1.0
event_minus_control,delta,ambiguous,L22_SV32,1.0069317253623993,0.09615547174065169,1.0069317253623993,0.09615547174065169,4,4,0.9107762536217477,0.9107762536217477,1.1453875909597293,0.5726937954798647,0.7951686056408217,-0.019707524859694278,1.8412600321031898,0.37643117844107793,0.18844057797110145,0.75,0.75,1.0
correct_minus_incorrect_paired_rollouts,delta,correct_minus_incorrect,L17_SV28,,,,,9,9,-1.5165862029711668,-1.5165862029711668,0.8110868306499223,0.27036227688330744,-1.8698197845919027,-2.0264802544793343,-1.0333116499096988,0.003649817509124544,0.002199890005499725,1.0,1.0,
correct_minus_incorrect_paired_rollouts,delta,correct_minus_incorrect,L18_SV30,,,,,9,9,0.07094195906087983,0.07094195906087983,0.6150280417533208,0.20500934725110695,0.11534751953526967,-0.2777978856001475,0.47496949726074206,0.7682615869206539,0.38503074846257684,0.4444444444444444,0.4444444444444444,
correct_minus_incorrect_paired_rollouts,delta,correct_minus_incorrect,L22_SV32,,,,,9,9,0.07977556325542688,0.07977556325542688,0.4872092741373003,0.1624030913791001,0.16373982904304352,-0.20186345010822468,0.39231367382887533,0.6573171341432928,0.32758362081895903,0.5555555555555556,0.5555555555555556,
event_minus_control,peak_response,all,L17_SV28,1.3529669483566336,1.4261292615920371,1.4395540425491768,1.4991678397826635,33,18,-0.07316231323540334,-0.059613797233486525,0.5313011441673169,0.12522888063096044,-0.11220340458125007,-0.30595268481925825,0.1652229942885947,0.6373181340932953,0.31703414829258536,0.45454545454545453,0.4444444444444444,1.0
event_minus_control,peak_response,all,L18_SV30,1.5531448459430677,1.2013451877443706,1.5045960137685004,1.2144433018049918,33,18,0.35179965819869713,0.29015271196350834,0.5656498213475324,0.13332494148393312,0.5129546603095981,0.02866556912754922,0.5386323342499768,0.04359782010899455,0.021398930053497325,0.7272727272727273,0.8333333333333334,0.13079346032698366
event_minus_control,peak_response,all,L22_SV32,1.3449752741109153,1.4103853461830667,1.386085751856268,1.424502950111521,33,18,-0.06541007207215152,-0.03841719825525309,0.6112705278545584,0.14407784512847954,-0.06284811144108328,-0.3139710851517352,0.23284412480619046,0.7942602869856508,0.39468026598670064,0.5151515151515151,0.5,1.0
event_minus_control,peak_response,correct,L17_SV28,1.1932991604989875,1.3620497186829439,1.2377887006063095,1.378156479431699,14,11,-0.1687505581839563,-0.1403677788253893,0.5895315128500169,0.17775043911037175,-0.23810055232976216,-0.48362464600969546,0.17849208756425225,0.44567771611419427,0.2207889605519724,0.42857142857142855,0.45454545454545453,0.8913554322283885
event_minus_control,peak_response,correct,L18_SV30,1.5461470525004304,1.0770867310324534,1.4854256589000905,1.076363941895211,14,11,0.46906032146797694,0.4090617170048793,0.5973570259009642,0.18010992007237367,0.6847859810268603,0.09311425568743517,0.763434881259562,0.03389830508474576,0.016599170041497927,0.7857142857142857,0.8181818181818182,0.1016949152542373
event_minus_control,peak_response,correct,L22_SV32,1.3698735071737447,1.4807706623288903,1.3213720272443048,1.4597518878728364,14,11,-0.11089715515514573,-0.13837986062853136,0.5858069024399085,0.1766274268175916,-0.23622094593316306,-0.48117115878557093,0.17767530156164243,0.46447677616119193,0.23233838308084595,0.5714285714285714,0.6363636363636364,0.8913554322283885
event_minus_control,peak_response,incorrect,L17_SV28,1.515947779237203,1.528391878401146,1.5492933346249036,1.5855511395432995,15,12,-0.012444099163942911,-0.036257804918395996,0.8960002926650972,0.25865300508208866,-0.040466286914426566,-0.526899159956868,0.44088684219567226,0.8943552822358882,0.44777761111944403,0.4,0.3333333333333333,1.0
event_minus_control,peak_response,incorrect,L18_SV30,1.633243220539711,1.314556574082866,1.5791513719427905,1.2965328623641945,15,12,0.31868664645684475,0.28261850957859563,0.7280740808411112,0.21017688328180248,0.38817273820831416,-0.12393817878632425,0.6554356989313647,0.19864006799660017,0.09984500774961252,0.7333333333333333,0.75,0.5959202039898005
event_minus_control,peak_response,incorrect,L22_SV32,1.2822886648948522,1.3166425531624821,1.284469338824878,1.3120166096123709,15,12,-0.03435388826762991,-0.027547270787492795,0.5958767728673474,0.17201480760940427,-0.04622981133319875,-0.36747174334590527,0.2761145610992304,0.8762061896905154,0.43627818609069546,0.5333333333333333,0.5,1.0
event_minus_control,peak_response,ambiguous,L17_SV28,1.30062609005626,1.2669228487397046,1.30062609005626,1.2669228487397046,4,4,0.03370324131655544,0.03370324131655544,0.6146191998692383,0.30730959993461915,0.054835972133193835,-0.3835057954941109,0.6050503426091827,1.0,0.5029748512574371,0.25,0.25,1.0
event_minus_control,peak_response,ambiguous,L18_SV30,1.2772682182548862,1.2117070874667217,1.2772682182548862,1.2117070874667217,4,4,0.06556113078816475,0.06556113078816475,0.5402456560367817,0.2701228280183908,0.12135429513513966,-0.38791204262769385,0.5647910666607701,0.7524623768811559,0.37613119344032797,0.5,0.5,1.0
event_minus_control,peak_response,ambiguous,L22_SV32,1.4929062429512505,1.5155722134998786,1.4929062429512505,1.5155722134998786,4,4,-0.0226659705486279,-0.0226659705486279,1.3784905382080777,0.6892452691040388,-0.01644260146906178,-1.3212123451952031,0.8942065970656609,1.0,0.5047747612619369,0.25,0.25,1.0
correct_minus_incorrect_paired_rollouts,peak_response,correct_minus_incorrect,L17_SV28,,,,,6,6,-0.2329244899765326,-0.2329244899765326,0.7150932029217709,0.2919355776151413,-0.325726057840902,-0.7472556208949142,0.281406640941849,0.5000249987500625,0.2510374481275936,0.6666666666666666,0.6666666666666666,
correct_minus_incorrect_paired_rollouts,peak_response,correct_minus_incorrect,L18_SV30,,,,,6,6,-0.10689783886554709,-0.10689783886554709,0.987004830337891,0.4029430346650192,-0.10830528441178115,-0.8797138725830589,0.5543632506262786,0.8453077346132694,0.4232288385580721,0.5,0.5,
correct_minus_incorrect_paired_rollouts,peak_response,correct_minus_incorrect,L22_SV32,,,,,6,6,-0.29320770901068155,-0.29320770901068155,0.8653811597667054,0.3532903790743926,-0.33881915003756985,-0.8916635742531044,0.36494452634929525,0.37638118094095296,0.18624068796560173,0.6666666666666666,0.6666666666666666,
event_minus_control,trough_response,all,L17_SV28,-1.4048087213673963,-1.373874387108864,-1.3957656077711305,-1.3331196013568254,33,18,-0.030934334258532384,-0.06264600641430511,0.5617380874532314,0.1324029369629806,-0.1115217355090255,-0.3086002202884857,0.1960510065807224,0.6343682815859207,0.31818409079546023,0.6060606060606061,0.6111111111111112,1.0
event_minus_control,trough_response,all,L18_SV30,-1.1071950149267484,-1.2862183007099588,-1.0849361134754918,-1.269683616415727,33,18,0.1790232857832104,0.18474750294023518,0.5208396239399533,0.12276307666619743,0.35471092145925975,-0.04276108856451362,0.42302008271156105,0.15014249287535622,0.07229638518074097,0.6363636363636364,0.7222222222222222,0.4504274786260687
event_minus_control,trough_response,all,L22_SV32,-1.2944443566716697,-1.290827326330177,-1.4074255438508982,-1.2994677857148687,33,18,-0.0036170303414928013,-0.10795775813603008,0.7888563477050916,0.1859352242814411,-0.13685350754937364,-0.4850967256641976,0.21587867900758317,0.5638718064096795,0.2791860406979651,0.42424242424242425,0.5,1.0
event_minus_control,trough_response,correct,L17_SV28,-1.4001725053203804,-1.2646854627724349,-1.2945733906843777,-1.2679309621692292,14,11,-0.1354870425479456,-0.0266424285151484,0.4931447921235144,0.14868874934468257,-0.0540255700570705,-0.30776447863530815,0.24600434280264186,0.8546572671366431,0.4246787660616969,0.6428571428571429,0.5454545454545454,1.0
event_minus_control,trough_response,correct,L18_SV30,-1.0759963962481023,-1.2969481678157668,-1.0918284644634637,-1.3007023361551775,14,11,0.22095177156766438,0.20887387169171368,0.6372215208645702,0.192129517549764,0.3277884767738502,-0.14265284542701856,0.5732055864880367,0.30363481825908706,0.15264236788160593,0.6428571428571429,0.6363636363636364,0.9109044547772611
event_minus_control,trough_response,correct,L22_SV32,-1.102784329631933,-1.2143136142738595,-1.2164052567389012,-1.266512031264054,14,11,0.11152928464192662,0.05010677452515328,0.684638129769784,0.206426163056093,0.07318723913609976,-0.3555698354282128,0.41844504395407445,0.8203589820508974,0.4112794360281986,0.7142857142857143,0.6363636363636364,1.0
event_minus_control,trough_response,incorrect,L17_SV28,-1.367475171695592,-1.4715848250822061,-1.3682552945781257,-1.4002663017319497,15,12,0.10410965338661414,0.03201100715382407,0.8514068491705707,0.24577998677926008,0.03759777970427272,-0.4255839708816374,0.49252669940604,0.8996550172491375,0.4504274786260687,0.4666666666666667,0.5,1.0
event_minus_control,trough_response,incorrect,L18_SV30,-1.0926863897679133,-1.2804294320373677,-1.0313841388565985,-1.2513855545299135,15,12,0.18774304226945365,0.2200014156733148,0.5809493648297138,0.1677056360849887,0.3786929274598673,-0.08106597424236658,0.534803652986318,0.2175891205439728,0.10659467026648668,0.6,0.5833333333333334,0.6527673616319184
event_minus_control,trough_response,incorrect,L22_SV32,-1.3149737286662182,-1.3036200421505026,-1.2989924809724354,-1.2771235042150497,15,12,-0.011353686515715866,-0.021868976757385656,0.7242034522249937,0.2090595290450782,-0.03019728322227254,-0.4626707859903084,0.3199146684304126,0.9410029498525073,0.47017649117544125,0.4666666666666667,0.3333333333333333,1.0
event_minus_control,trough_response,ambiguous,L17_SV28,-1.5610362888012177,-1.3896214798863324,-1.5610362888012177,-1.3896214798863324,4,4,-0.17141480891488542,-0.17141480891488542,0.9223269462528773,0.46116347312643863,-0.18585037508802013,-0.8287179448839882,0.6435343733082565,0.8758562071896405,0.4351282435878206,0.75,0.75,1.0
event_minus_control,trough_response,ambiguous,L18_SV30,-1.2707975246476395,-1.270372023361849,-1.2707975246476395,-1.270372023361849,4,4,-0.00042550128579069146,-0.00042550128579069146,0.5985725730298114,0.2992862865149057,-0.000710859977490983,-0.6064452312404687,0.4193870015364333,1.0,0.49862506874656265,0.25,0.25,1.0
event_minus_control,trough_response,ambiguous,L22_SV32,-1.8882693063311895,-1.5106526342010653,-1.8882693063311895,-1.5106526342010653,4,4,-0.37761667213012434,-0.37761667213012434,1.1222639010236284,0.5611319505118142,-0.33647760725948356,-1.4832716244266584,0.5011171075108141,0.6263686815659217,0.31728413579321035,0.75,0.75,1.0
correct_minus_incorrect_paired_rollouts,trough_response,correct_minus_incorrect,L17_SV28,,,,,6,6,-0.22495655055740302,-0.22495655055740302,1.0617784793693974,0.43346924905387657,-0.21186768702545877,-0.8478587320736831,0.6503483020314725,0.6521173941302935,0.3266336683165842,0.8333333333333334,0.8333333333333334,
correct_minus_incorrect_paired_rollouts,trough_response,correct_minus_incorrect,L18_SV30,,,,,6,6,-0.4616362175651458,-0.4616362175651458,0.6256202886350383,0.25540841331476294,-0.7378856247970017,-0.8954172016580978,0.0029776493335548215,0.15769211539423028,0.07724613769311535,0.6666666666666666,0.6666666666666666,
correct_minus_incorrect_paired_rollouts,trough_response,correct_minus_incorrect,L22_SV32,,,,,6,6,-0.47303513348664383,-0.47303513348664383,0.812099357314138,0.3315381743102987,-0.5824843096183653,-1.0560379779713032,0.12311642163867924,0.2512874356282186,0.12519374031298436,0.6666666666666666,0.6666666666666666,
event_minus_control,anchor,all,L17_SV28,-0.07985211375378413,-0.23364507341252927,-0.12198532634797817,-0.28450494493642065,58,20,0.15379295965874515,0.16251961858844247,0.5456957203816099,0.1220212725803997,0.297820951344077,-0.06493747402325198,0.3918142510129582,0.19749012549372533,0.09869506524673766,0.6206896551724138,0.55,0.19749012549372533
event_minus_control,anchor,all,L18_SV30,-0.35848373438826947,-0.6630957784678091,-0.3341193353515517,-0.6919005563878999,58,20,0.30461204407953985,0.35778122103634824,0.5282011637969855,0.11810937080445603,0.6773578809717689,0.15063495385893155,0.6020637074959456,0.003249837508124594,0.001399930003499825,0.7068965517241379,0.7,0.009749512524373782
event_minus_control,anchor,all,L22_SV32,1.0658102055754155,0.7669433340246282,1.052691491208528,0.8004030744276353,58,20,0.2988668715507875,0.2522884167808925,0.6423975304354826,0.1436444546631729,0.3927294312757797,-0.019899756997913683,0.5267525149206769,0.09814509274536273,0.04979751012449377,0.5689655172413793,0.6,0.19629018549072547
event_minus_control,anchor,correct,L17_SV28,0.021032736237595787,-0.11244886727902431,0.09278324862352817,-0.11694194554799844,32,14,0.13348160351662008,0.20972519417152657,0.7697422868103533,0.20572227952544458,0.27246157287341294,-0.18396798203313297,0.5942568077163068,0.3225338733063347,0.1614919254037298,0.59375,0.5,0.3225338733063347
event_minus_control,anchor,correct,L18_SV30,-0.37986560728447516,-0.6849975583364186,-0.34124916051405974,-0.7058318086091756,32,14,0.30513195105194346,0.36458264809511587,0.4842066113488566,0.12940966029130202,0.7529485131966627,0.12382556475383683,0.612783771495964,0.016599170041497927,0.008099595020248988,0.78125,0.7142857142857143,0.03319834008299585
event_minus_control,anchor,correct,L22_SV32,1.2222326346230301,0.7165074988268543,1.2395288967077924,0.6417220903917836,32,14,0.5057251357961758,0.5978068063160088,0.7012928211315121,0.18742839031987563,0.852435371221208,0.2645076926432463,0.9658666099988739,0.004249787510624469,0.0021498925053747312,0.65625,0.7142857142857143,0.012749362531873407
event_minus_control,anchor,incorrect,L17_SV28,-0.12958190002718323,-0.3244609768972801,0.01873370437671756,-0.23376977471523036,21,16,0.1948790768700969,0.2525034790919479,0.59069834841086,0.147674587102715,0.4274660319793534,-0.031390118880936936,0.523775526750356,0.10539473026348682,0.05379731013449328,0.6666666666666666,0.625,0.21078946052697364
event_minus_control,anchor,incorrect,L18_SV30,-0.2751753432828257,-0.6419552050846671,-0.3558874791235911,-0.6642274720705776,21,16,0.36677986180184136,0.30833999294698655,0.5649978318248332,0.1412494579562083,0.5457365950433974,0.06577704909233552,0.6012127599463012,0.028698565071746413,0.014349282535873207,0.6190476190476191,0.625,0.08609569521523924
event_minus_control,anchor,incorrect,L22_SV32,0.7865261170728777,0.792708007385267,0.7368919652206374,0.7756135847546368,21,16,-0.006181890312389217,-0.03872161953399936,0.8050761962601402,0.20126904906503504,-0.04809683817988259,-0.4045794748414977,0.36171754037723997,0.8498075096245188,0.42427878606069697,0.5714285714285714,0.625,0.8498075096245188
event_minus_control,anchor,ambiguous,L17_SV28,-0.5166500513503394,-0.6278739980310076,-0.5438582381531882,-0.697388465984315,5,4,0.11122394668066833,0.1535302278311268,0.2839293821901138,0.1419646910950569,0.5407338495468772,-0.07825473389732782,0.3853151895595814,0.4985750712464377,0.24828758562071895,0.6,0.5,1.0
event_minus_control,anchor,ambiguous,L18_SV30,-0.5715349904954157,-0.6117147955179065,-0.5017613655481752,-0.5911075786130877,5,4,0.04017980502249091,0.08934621306491243,0.5361558573442163,0.26807792867210817,0.16664224001483108,-0.34686730699574386,0.5255597331255687,0.8742562871856407,0.43962801859907,0.6,0.5,1.0
event_minus_control,anchor,ambiguous,L22_SV32,1.237699831381343,0.9815210511756984,1.2261249697569396,0.960965483483992,5,4,0.25617878020564466,0.2651594862729476,0.814051387697673,0.4070256938488365,0.32572819146329374,-0.4500741439510555,0.8546917537462864,0.49867506624668767,0.2462876856157192,0.6,0.75,1.0
correct_minus_incorrect_paired_rollouts,anchor,correct_minus_incorrect,L17_SV28,,,,,11,11,0.0606336632706856,0.0606336632706856,0.7612850308108208,0.22953607324669478,0.07964646724513497,-0.33884277287054276,0.5018765104532934,0.7959602019899005,0.40037998100094996,0.45454545454545453,0.45454545454545453,
correct_minus_incorrect_paired_rollouts,anchor,correct_minus_incorrect,L18_SV30,,,,,11,11,0.13247548697689102,0.13247548697689102,0.6257442786836709,0.18866899882775645,0.21170866676650932,-0.21832348938311158,0.48291105841027687,0.488125593720314,0.24663766811659418,0.5454545454545454,0.5454545454545454,
correct_minus_incorrect_paired_rollouts,anchor,correct_minus_incorrect,L22_SV32,,,,,11,11,0.6444466553759101,0.6444466553759101,0.5424999732731507,0.1635698963749885,1.187920160599582,0.34864792053569504,0.9566164717585499,0.0030998450077496125,0.001799910004499775,0.9090909090909091,0.9090909090909091,
