layer,mean_cos,ov_JR,R_in_GJ,J_in_GR,ov_GJ_GR,align_total,align_gated,gated_corr_median,gated_corr_min,gated_corr_max
0,0.6706745694011652,0.6738220453262329,0.03916633874177933,0.15079927444458008,0.21403686702251434,0.4487739747150778,0.44868154908734065,0.5322706548577476,0.29611574091907433,0.7749431623339796
1,0.7302590511334117,0.6391274929046631,0.054982226341962814,0.18904568254947662,0.2592545449733734,0.4763748368241141,0.4764584202906364,0.6140780526662961,0.39441184354103703,0.683483639506086
2,0.7683357951131438,0.6752516627311707,0.08207970857620239,0.20118410885334015,0.33180782198905945,0.4903759869828771,0.490065392493254,0.5633778837114543,0.4008333632616726,0.8086664581140461
3,0.7860535326181243,0.6934338212013245,0.07426852732896805,0.2010413408279419,0.28419822454452515,0.5128241114069442,0.5117615086019356,0.5249689403771368,0.3421242799048193,0.7426450130558807
4,0.7991608040058022,0.710841178894043,0.11496930569410324,0.23354580998420715,0.34961241483688354,0.5391170814472154,0.5368080476306291,0.48772197014980256,0.365989684294417,0.8833152560862562
5,0.8079063341663173,0.7107285261154175,0.28827226161956787,0.29176703095436096,0.4082891047000885,0.5625951825021325,0.5581762247520252,0.4886519719736183,0.3441759825397924,0.7762151651192688
6,0.8171519294940258,0.4887849688529968,0.10048629343509674,0.18052926659584045,0.32769957184791565,0.5571913140891156,0.556078804952706,0.47024513220216324,0.3563659057139854,0.6096915076241435
7,0.8326452456665893,0.5068724155426025,0.13224270939826965,0.1998876929283142,0.3854482173919678,0.5941098374196659,0.5926760227854226,0.63262264725391,0.4528089455161886,0.81534922316811
8,0.8459886276657027,0.5016608238220215,0.162450909614563,0.22384551167488098,0.43984538316726685,0.6188689433443016,0.6172604822104598,0.723266262432474,0.4764742919440303,0.869601356313481
9,0.8616219970108027,0.5323773622512817,0.2101728916168213,0.2685275375843048,0.49162715673446655,0.6419222763333456,0.6393189589003122,0.8335219692494267,0.4796422115894953,0.8680467508577142
10,0.8722319887135852,0.5736904144287109,0.23039059340953827,0.2939058244228363,0.5445813536643982,0.6622171643271977,0.6589336032297831,0.7470024857552604,0.5421074791623889,0.8791826132234584
11,0.884107624839113,0.6208418607711792,0.28309470415115356,0.3286440372467041,0.5750041604042053,0.6867019753050241,0.6826074005647552,0.798965700974983,0.5450068155817548,0.9153372442750062
12,0.8903450810102015,0.6630174517631531,0.2880701720714569,0.31741344928741455,0.5893992781639099,0.7034660088977768,0.6992520396936855,0.7737487905315118,0.5580306285945871,0.9321140378168131
13,0.8978117183729919,0.6786783933639526,0.30192065238952637,0.3169936537742615,0.6051195859909058,0.7242561489187611,0.7196356305236966,0.8453772077876507,0.5668827134006033,0.9356759121449651
14,0.9038335604796527,0.6657165288925171,0.3077408969402313,0.3186625838279724,0.62895667552948,0.7426597776507288,0.7375472496034111,0.8350191504861062,0.60590020517755,0.9413348748121746
15,0.9120016281707563,0.6825830936431885,0.34124550223350525,0.31948691606521606,0.6679924726486206,0.7676232588883117,0.7610824511418729,0.894902624983605,0.6147034749124711,0.9501500181056939
16,0.9175988424505379,0.616611123085022,0.26047998666763306,0.2665852904319763,0.6337128281593323,0.7786672417803046,0.770678251400562,0.8812993463151579,0.6916467244471681,0.9332551032221544
17,0.9280095467429035,0.6202396750450134,0.2741745114326477,0.2585084140300751,0.6478922367095947,0.797511696266996,0.7872498350788056,0.9223042069611653,0.8739554030279801,0.9364517319733828
18,0.9451582939921268,0.7159643173217773,0.3159543573856354,0.25680211186408997,0.6970828175544739,0.810403576169239,0.7950576115645686,0.9058550260606196,0.8099791127644744,0.9418605408999249
19,0.9574495705940597,0.6170495748519897,0.24794960021972656,0.19031192362308502,0.7527800798416138,0.8321035697893887,0.8124790775677221,0.9317949954750124,0.7545089625183539,0.9628160159227157
20,0.9663343688632476,0.560896635055542,0.175374835729599,0.1299070417881012,0.7269850373268127,0.8504932030292969,0.8243557757429503,0.9675223116394396,0.7841305914910572,0.9828959822040391
21,0.9726135150341344,0.5826456546783447,0.17267578840255737,0.12272331118583679,0.7735489010810852,0.8719183335356638,0.8420415945310112,0.987676703176465,0.9596629324970202,0.9917685591196437
22,0.9801307954709897,0.6635404229164124,0.16748812794685364,0.13091041147708893,0.876072883605957,0.8988104504605496,0.86824189800799,0.99159092823508,0.9706490926327914,0.9944099020272769
23,0.9842833813575642,0.6212140321731567,0.13127431273460388,0.0972248911857605,0.8786992430686951,0.9118700025455341,0.8763491584746038,0.9947587932046374,0.9803699218206395,0.995972219017334
24,0.9871671634526356,0.6668714284896851,0.11750806868076324,0.08623155206441879,0.8901569247245789,0.9270860623639072,0.8890836560050478,0.9967028749206316,0.9807876494667176,0.9973842305000642
25,0.9893245018036476,0.6983997821807861,0.11802986264228821,0.09062977880239487,0.9169946908950806,0.9414332200729957,0.9038908311017034,0.9976910624329229,0.9809156248790597,0.998139928503143
26,0.9915885690531667,0.7506108283996582,0.12272471189498901,0.09331181645393372,0.9195712804794312,0.9573305276416265,0.9240578098644046,0.9981822886579659,0.9794359727064013,0.998759638241372
27,0.9936785654079651,0.7360685467720032,0.13079725205898285,0.1063460260629654,0.9111220836639404,0.9682788390721678,0.9185617337692218,0.9992144653141544,0.9991853203482961,0.9992662479869447
28,0.9954981320455538,0.7973525524139404,0.14710700511932373,0.1278371810913086,0.9385489225387573,0.9791057660364804,0.9297744168961413,0.9995584532221331,0.9995382787925825,0.9995767532377139
29,0.9975793910091284,0.8929711580276489,0.11998826265335083,0.10165078938007355,0.9495763778686523,0.9895159861607978,0.9421373457434578,0.9998153270694512,0.9998031539107162,0.9998247373674851
