source_layer,target_layer,layer_distance,k,exact_rank_best_match_rate,chance_exact_rate_1_over_k,exact_rate_over_chance,reciprocal_exact_rank_rate,mean_same_rank_abs_cosine,median_same_rank_abs_cosine,min_same_rank_abs_cosine,max_same_rank_abs_cosine,mean_best_abs_cosine,mean_same_rank_fraction_of_best,mean_same_rank_deficit_from_best,mean_offdiag_abs_cosine,diagonal_to_offdiag_ratio,same_rank_raw_sign_flip_rate,mean_abs_rank_offset_of_best,median_abs_rank_offset_of_best,null_diag_mean,null_diag_std,diag_perm_p,null_exact_rate_mean,null_exact_rate_std,exact_perm_p
0,1,1,64,0.09375,0.015625,6.0,0.09375,0.14281076386770736,0.11121638564352775,0.001199004166020477,0.726901785953581,0.31283418190563345,0.43026560444370265,0.17002341803792606,0.05226516777300959,2.7324271585225195,0.515625,5.71875,4.0,0.05373179087594812,0.007731447257877833,0.0004997501249375312,0.01609375,0.01568429220425564,0.0024987506246876563
0,2,2,64,0.046875,0.015625,3.0,0.03125,0.08970465356003346,0.06252639860598247,0.003467329734037899,0.6006015623174443,0.2560202611105276,0.31433700527767533,0.16631560755049418,0.046444961469914385,1.9314184083916481,0.484375,8.8125,7.0,0.04722859236027244,0.006131275175603405,0.0004997501249375312,0.0156484375,0.015116456562322866,0.07646176911544228
0,3,3,64,0.078125,0.015625,5.0,0.078125,0.08591084001244988,0.05861682386162349,0.00036112086464538777,0.46564871466558394,0.20535745667553262,0.3864040802333401,0.11944661666308276,0.038803695591397985,2.213986031564855,0.671875,11.875,8.0,0.03958391080843674,0.004832078783238849,0.0004997501249375312,0.0156015625,0.015538763949833272,0.0029985007496251873
0,4,4,64,0.0625,0.015625,4.0,0.0625,0.07045186188710141,0.04114652434724246,0.0037554640679351363,0.3789298263189699,0.17765987096652897,0.36088652131885945,0.10720800907942754,0.03541679976419795,1.9892215659281454,0.515625,13.015625,9.5,0.03591979382198975,0.004230409254950848,0.0004997501249375312,0.015875,0.016012912381308586,0.02148925537231384
0,5,5,64,0.09375,0.015625,6.0,0.0625,0.06117975656188862,0.04206163693980885,0.00023547864624734352,0.31081800332269016,0.14012466724539357,0.4068752456618674,0.07894491068350497,0.03205012952614097,1.9088770456290582,0.4375,16.203125,9.5,0.03255090072844172,0.0036352179713771892,0.0004997501249375312,0.0159375,0.01606511837457772,0.0014992503748125937
0,6,6,64,0.0625,0.015625,4.0,0.046875,0.05040908802832628,0.033006538239919656,0.0012461370413880905,0.27807550900372935,0.13414047003814228,0.35399928053552726,0.083731382009816,0.029976205227640218,1.6816367397246623,0.421875,16.609375,10.0,0.030214143668933467,0.0032914877596646533,0.0004997501249375312,0.015484375,0.015264563023602273,0.01899050474762619
0,7,7,64,0.09375,0.015625,6.0,0.0625,0.04767957349906576,0.03676251482236552,0.0011320583516378963,0.2399969536701259,0.11954841350100973,0.39220002255997355,0.07186884000194396,0.027636561930807914,1.7252353465108428,0.515625,20.203125,15.0,0.027911016995007164,0.003007521665387162,0.0004997501249375312,0.0150546875,0.014629256634042487,0.0009995002498750624
0,8,8,64,0.09375,0.015625,6.0,0.046875,0.04010424036656591,0.02793021058803674,0.00020667204820854943,0.16690936060275102,0.1089853327465084,0.3731779836719456,0.0688810923799425,0.02578090586622728,1.5555791784299577,0.53125,20.71875,11.5,0.026046046468028532,0.0026894574288009584,0.0004997501249375312,0.015984375,0.015276975489259147,0.0004997501249375312
0,9,9,64,0.046875,0.015625,3.0,0.03125,0.02006754451605053,0.01348912456889425,5.089279679853327e-05,0.13117890987349834,0.08698990855853544,0.2531795963713883,0.06692236404248492,0.019203920891717397,1.0449712133893245,0.4375,26.53125,25.5,0.019214476125093416,0.0020512103703146335,0.335832083958021,0.0153125,0.014565940758842015,0.06796601699150424
0,10,10,64,0.015625,0.015625,1.0,0.015625,0.0171497695413527,0.012939429251790341,0.0005368552259983085,0.10349414542364563,0.08628147919628937,0.2306747347190883,0.06913170965493665,0.017766208762961942,0.9653027142800235,0.5,26.515625,27.5,0.017807937542718047,0.0019652095630890085,0.6046976511744128,0.0155703125,0.01512445301918084,0.6491754122938531
0,11,11,64,0.046875,0.015625,3.0,0.015625,0.016581353772508085,0.011342362329711194,0.0002382174152754942,0.11652229933525868,0.08553644704420857,0.23241196193456443,0.06895509327170048,0.016707353033435943,0.9924584546291864,0.484375,26.015625,26.5,0.01673376731992405,0.0018844510827042398,0.512743628185907,0.0158828125,0.015154623777522913,0.08195902048975512
0,12,12,64,0.046875,0.015625,3.0,0.015625,0.016619566058187908,0.010756014722339441,0.00016871231246805784,0.11394649421570521,0.08614731252628208,0.2314909590646788,0.06952774646809418,0.01643377511308879,1.01130543309864,0.546875,26.171875,26.5,0.0164594493092913,0.0019097107433116173,0.4447776111944028,0.0158671875,0.015122611785698733,0.07496251874062969
0,13,13,64,0.03125,0.015625,2.0,0.015625,0.014504620503114013,0.010193065692447111,2.8771541356656144e-05,0.06953773152700704,0.08335729868163974,0.2069090912152603,0.06885267817852574,0.015977059997339314,0.9078403977658901,0.5,26.71875,27.5,0.016006533929804015,0.0018209480525185253,0.7841079460269865,0.01534375,0.014558191213306742,0.2513743128435782
0,14,14,64,0.03125,0.015625,2.0,0.0,0.014012868762471844,0.010924740091729552,0.00012993070897393782,0.050616622666879815,0.08284783333261239,0.20685922302367704,0.06883496457014056,0.015765619652100313,0.8888244846503724,0.5625,26.984375,28.0,0.015724313390945776,0.0017536956000785706,0.8300849575212393,0.0158671875,0.015033512460526121,0.2733633183408296
0,15,15,64,0.015625,0.015625,1.0,0.0,0.011857983941041235,0.009408868340158211,0.0003111071391772081,0.05011375237506115,0.08247860555418599,0.18046227024543482,0.07062062161314475,0.01544434966755296,0.7677878445055979,0.578125,27.015625,26.5,0.015377676653870838,0.001766861722189503,0.9805097451274363,0.0158203125,0.014944568399661792,0.6581709145427287
0,16,16,64,0.0,0.015625,0.0,0.0,0.010830560090306869,0.008679035099775986,2.9217126476903388e-06,0.03867953589330671,0.08200762578753774,0.17410653109585567,0.07117706569723087,0.015179860169527867,0.7134822040092433,0.5625,27.5,27.0,0.015139695535101931,0.001747975429759505,0.9970014992503748,0.0152734375,0.01486796112047761,1.0
0,17,17,64,0.015625,0.015625,1.0,0.0,0.01262831279951128,0.009384749338125338,0.00027821934211966735,0.041687338790281366,0.08231956676770905,0.20830910531227334,0.06969125396819778,0.014857359753473737,0.8499701837373027,0.5625,28.28125,30.0,0.014837711157040013,0.001716317334983612,0.9060469765117442,0.0159375,0.014649548039235783,0.6671664167916042
0,18,18,64,0.015625,0.015625,1.0,0.0,0.011264257525963326,0.0099859767334009,0.0001668806140457971,0.04016368714734522,0.08183280238090512,0.17905313605364204,0.07056854485494181,0.014801331635751749,0.7610300075133222,0.484375,28.265625,30.0,0.014778463522818558,0.0018142877722816086,0.984007996001999,0.015875,0.014675735751911384,0.6686656671664168
0,19,19,64,0.015625,0.015625,1.0,0.0,0.01176708102363615,0.008418379766900014,0.0002808795911567502,0.054545092016047174,0.07673189385635693,0.18606130929415698,0.06496481283272076,0.014679255195700538,0.8016129474390945,0.5,27.234375,28.0,0.014587443400173638,0.0017234914286009873,0.9645177411294353,0.0151640625,0.014566190202214762,0.6381809095452274
0,20,20,64,0.0,0.015625,0.0,0.0,0.013084934064370737,0.011089915922427631,0.00010673793732629338,0.03889970981562157,0.06125572092035585,0.23441248317914498,0.048170786855985116,0.014582626200927352,0.8972961306200544,0.46875,23.03125,20.5,0.014541475666475727,0.0016110755030445002,0.809095452273863,0.016109375,0.015080389664580715,1.0
0,21,21,64,0.03125,0.015625,2.0,0.0,0.011772248025619242,0.010462867727083389,0.00024654671470279374,0.0405404342038439,0.04464974957918523,0.28760033215449143,0.03287750155356599,0.01176306268344765,1.0007808631492303,0.53125,25.28125,22.5,0.011743765361320999,0.0012279219741286815,0.48425787106446777,0.01546875,0.015463143671925488,0.26036981509245377
0,22,22,64,0.0,0.015625,0.0,0.0,0.010523894165029295,0.009696455875926572,9.149760375037463e-05,0.03106484170834973,0.041497469472454855,0.27767563379012417,0.030973575307425567,0.012228596178493444,0.8605970801078356,0.46875,29.890625,30.0,0.012210884193885819,0.0012133610670976135,0.9230384807596201,0.01546875,0.015620309451037552,1.0
1,2,1,64,0.265625,0.015625,17.0,0.203125,0.2538637590363607,0.15342609162488569,0.0017727716268189243,0.8540609246550969,0.48519668054937903,0.4879682949675281,0.23133292151301835,0.05067464838313562,5.009679734074797,0.421875,1.828125,1.0,0.05381710232394224,0.01048918529323106,0.0004997501249375312,0.015484375,0.015168247467159399,0.0004997501249375312
1,3,2,64,0.109375,0.015625,7.0,0.09375,0.13034561775469858,0.07845211588964959,0.007957709751399868,0.6851410081240504,0.30808651684549704,0.3877994772165639,0.1777408990907985,0.05179243719939975,2.516692104155493,0.4375,5.765625,4.0,0.052719969570787256,0.007459782507249135,0.0004997501249375312,0.0153046875,0.01568413451956013,0.0004997501249375312
1,4,3,64,0.09375,0.015625,6.0,0.078125,0.13182384374971903,0.09279263443790511,0.009260043172947206,0.5600901020964417,0.2571839959978044,0.46554068425454453,0.12536015224808533,0.047515051856881416,2.7743596733679565,0.546875,7.328125,4.0,0.04861893761986955,0.0062243151161873135,0.0004997501249375312,0.0155859375,0.015277157362452358,0.0004997501249375312
1,5,4,64,0.09375,0.015625,6.0,0.09375,0.07832262099523522,0.03498237128283389,0.0007853960993346362,0.4597705090791582,0.20296183893240025,0.3371652803689637,0.12463921793716502,0.043928449609046266,1.7829589182475063,0.5,13.84375,9.0,0.044418849528002784,0.005032497086468188,0.0004997501249375312,0.015,0.0152042846801919,0.0004997501249375312
1,6,5,64,0.0625,0.015625,4.0,0.0625,0.07241676651357694,0.04402650792220568,0.0004681350143031799,0.41784655228443074,0.19101796561504783,0.35080738821014856,0.1186011991014709,0.04118297411299114,1.7584151721265104,0.59375,15.0625,8.5,0.04168545814049548,0.004676008821545089,0.0004997501249375312,0.0153671875,0.01516268065332252,0.01699150424787606
1,7,6,64,0.09375,0.015625,6.0,0.078125,0.06088748175324203,0.04047707842633911,0.0028836097672973087,0.31940575652290265,0.17267912523650453,0.3302015694758843,0.11179164348326252,0.038034709855664574,1.6008399165998621,0.46875,19.765625,18.5,0.03838617369940156,0.0040904188842083525,0.0004997501249375312,0.015828125,0.01524784783719355,0.0004997501249375312
1,8,7,64,0.046875,0.015625,3.0,0.03125,0.0484135418809392,0.03658992138783586,0.0015549044320927307,0.2652212921647388,0.1620729129868113,0.30471824285275695,0.11365937110587213,0.03528902626679554,1.3719149266097177,0.421875,22.515625,23.0,0.03557204802195437,0.003949620061216927,0.001999000499750125,0.0160859375,0.015531940156210419,0.08545727136431784
1,9,8,64,0.03125,0.015625,2.0,0.03125,0.02813088223943325,0.021073051998787243,0.0003120543396804012,0.21317978177859068,0.1451125027401925,0.20662995715979027,0.11698162050075922,0.027303830034419767,1.0302907029515964,0.453125,27.140625,28.5,0.02718706480172657,0.003055152364519531,0.36531734132933535,0.01490625,0.014475811220541195,0.255872063968016
1,10,9,64,0.03125,0.015625,2.0,0.015625,0.023799244455522964,0.016125917040466002,0.00117732358018271,0.1754237422577503,0.14088074953317611,0.19046228877075794,0.11708150507765315,0.025837970234800098,0.9210957454958572,0.53125,26.6875,26.5,0.025712844142248704,0.003093100857049305,0.7171414292853573,0.015421875,0.01506249714587557,0.26786606696651677
1,11,10,64,0.03125,0.015625,2.0,0.015625,0.023268062567032642,0.016479460935072604,0.0005600733412037676,0.17905748733500543,0.13992836518802174,0.19088707431531138,0.11666030262098909,0.024668372731414534,0.9432345951786827,0.546875,26.109375,26.0,0.02460899498822847,0.0029427232639392823,0.664167916041979,0.0151953125,0.014592276423864065,0.24987506246876562
1,12,11,64,0.03125,0.015625,2.0,0.015625,0.022738060176981687,0.016901326547300213,3.944953696523659e-05,0.1747336409349589,0.14006578221416424,0.18669209654343571,0.11732772203718256,0.0241710285080166,0.9407154589818281,0.5,26.28125,26.0,0.024156684771250284,0.0030491632182690627,0.6626686656671664,0.0157578125,0.015010487826007892,0.26936531734132935
1,13,12,64,0.03125,0.015625,2.0,0.015625,0.02121336564183755,0.017760087819122104,0.0001644181752283012,0.13076588497728392,0.13635070148633427,0.18980062008772564,0.11513733584449673,0.02352658105398556,0.9016765161567691,0.59375,26.453125,26.5,0.023587511404619746,0.0028540464522842915,0.7946026986506747,0.01584375,0.014808783870641225,0.25737131434282856
1,14,13,64,0.015625,0.015625,1.0,0.015625,0.021427976460994057,0.014207701101179516,0.001349021569353002,0.09811181307891732,0.13539385311306484,0.20359405799585184,0.11396587665207081,0.02322870072733414,0.922478476627791,0.515625,26.671875,29.5,0.02311447425708025,0.0028820553274717764,0.7006496751624188,0.015046875,0.014616421548170123,0.6376811594202898
1,15,14,64,0.015625,0.015625,1.0,0.0,0.02059838159871291,0.015531881031776424,0.00034930940982679654,0.06729891835643745,0.1396663485714556,0.1942734863571243,0.11906796697274266,0.022758749595493868,0.9050752771932294,0.5,26.578125,26.5,0.022755903013777976,0.002887288674308572,0.760119940029985,0.015546875,0.015184792901192332,0.6361819090454772
1,16,15,64,0.015625,0.015625,1.0,0.0,0.022509689570430987,0.019964452278176135,0.00013591735303720596,0.07180927914940241,0.14056701096002427,0.20987394202831125,0.1180573213895933,0.02244963358894502,1.002675143059597,0.453125,26.484375,25.0,0.02229523579969012,0.0028489846476820227,0.4397801099450275,0.0155,0.014760309816292356,0.6496751624187906
1,17,16,64,0.015625,0.015625,1.0,0.0,0.01861134649283583,0.017285528846256136,0.0001519169834321996,0.06237758246380151,0.14016851405657424,0.17774600917085442,0.12155716756373841,0.021950458946761404,0.8478796064344599,0.453125,26.78125,25.5,0.021773744550806873,0.002788308107969263,0.8760619690154923,0.015515625,0.014793493868582733,0.6461769115442278
1,18,17,64,0.0,0.015625,0.0,0.0,0.01695816561197648,0.013286349533740874,0.0003323478854554071,0.053401824070838703,0.1342748728798958,0.1685327570990089,0.11731670726791933,0.022288838101191085,0.7608366813463578,0.53125,27.34375,29.5,0.022252611160229613,0.002855249163838701,0.9795102448775612,0.0159765625,0.015136609225335575,1.0
1,19,18,64,0.015625,0.015625,1.0,0.0,0.016730403829133635,0.012181398898287978,0.0001059601256049893,0.05878915158017081,0.12283640827258371,0.17055371847925077,0.10610600444345009,0.022488866535505588,0.7439416211892916,0.515625,25.859375,25.5,0.022394952534444866,0.0026343712903473663,0.9910044977511244,0.0156953125,0.015002772533158149,0.6491754122938531
1,20,19,64,0.0,0.015625,0.0,0.0,0.020182363130346513,0.0157220974526397,0.0016222967668522998,0.08161827987412693,0.09828950060499111,0.2435182280456894,0.0781071374746446,0.022126459908551374,0.9121370166651236,0.5,22.75,19.0,0.02207030385914551,0.002514580982876176,0.7741129435282359,0.0152109375,0.014956446192192305,1.0
1,21,20,64,0.015625,0.015625,1.0,0.0,0.016245819053140598,0.013026978646513223,0.00016820277897243484,0.05807175908289535,0.06596022859950915,0.27350391438797295,0.04971440954636856,0.016959047840945814,0.9579440547314689,0.546875,24.75,23.5,0.016907762543571906,0.0017342026335233657,0.6411794102948526,0.0152734375,0.014744230279480883,0.6466766616691654
1,22,21,64,0.046875,0.015625,3.0,0.015625,0.013870026716733073,0.011031058579332306,0.0002816221117059245,0.05656998766268904,0.06120284218336069,0.2722464498125616,0.04733281546662761,0.016516145820279212,0.8397859202540386,0.609375,25.78125,25.0,0.016516957617835424,0.001606986300099154,0.9540229885057471,0.0152578125,0.014941331821515915,0.07196401799100449
2,3,1,64,0.15625,0.015625,10.0,0.109375,0.17859407932177263,0.14097529172542453,0.00011694113617463468,0.7876362658972383,0.3528189644489007,0.47055117499699184,0.1742248851271281,0.058677525601438095,3.0436538945908715,0.484375,4.0625,3.0,0.0605228457898253,0.008670061213125727,0.0004997501249375312,0.015796875,0.015470874101262138,0.0004997501249375312
2,4,2,64,0.109375,0.015625,7.0,0.078125,0.14220302753053898,0.10312434058442735,0.0018148172072845305,0.6432131766960827,0.2994467824226521,0.4400222711866476,0.15724375489211315,0.05542154235147339,2.565843920920012,0.5,6.296875,4.0,0.05693941448203216,0.0074546225860908245,0.0004997501249375312,0.0155078125,0.015787856190879614,0.0004997501249375312
2,5,3,64,0.078125,0.015625,5.0,0.078125,0.09732771080033015,0.05647993150899498,0.0004009174905607615,0.509591923709276,0.22792239143033804,0.37664094299498174,0.1305946806300079,0.050611479924004346,1.9230362547483801,0.5,14.796875,13.0,0.05160649305273107,0.005671270348685616,0.0004997501249375312,0.0159296875,0.015338001331896943,0.005997001499250375
2,6,4,64,0.109375,0.015625,7.0,0.078125,0.07915829024722873,0.04079538481275838,0.0001968409325592141,0.4614560114450136,0.22360567793731162,0.32499408481640457,0.14444738769008286,0.04778975594949386,1.6563861579641963,0.5,16.171875,14.5,0.0483066709555076,0.005387486806991004,0.0004997501249375312,0.015734375,0.014916816087405107,0.0004997501249375312
2,7,5,64,0.046875,0.015625,3.0,0.046875,0.06840371556168628,0.049170444973879845,2.5616613290960937e-05,0.3516518513687749,0.20097469952921712,0.32262776734567156,0.13257098396753086,0.04413190111386595,1.5499834322839605,0.578125,21.015625,22.5,0.044653932162064876,0.005033396296332389,0.0004997501249375312,0.016234375,0.01584218585488459,0.09045477261369315
2,8,6,64,0.046875,0.015625,3.0,0.03125,0.05510527687728823,0.03266202506736081,0.0002780349939209576,0.29499253667496267,0.18823056739337007,0.2854939376408969,0.13312529051608185,0.04164974948176752,1.323063825423751,0.484375,22.984375,25.5,0.04174226940033311,0.004597050882324849,0.0034982508745627187,0.015796875,0.014973431622766233,0.07746126936531735
2,9,7,64,0.03125,0.015625,2.0,0.03125,0.030265759511059157,0.020804476353318908,0.0012771810878704848,0.23378481926262076,0.16867778003423278,0.20066512026500832,0.13841202052317364,0.03232104361373929,0.9364103422141216,0.375,26.296875,28.0,0.0323260560941053,0.003810075738625443,0.6966516741629185,0.0160234375,0.015391496782564637,0.2753623188405797
2,10,8,64,0.03125,0.015625,2.0,0.015625,0.02578874562099698,0.01966850177586366,0.0011896307475548684,0.19516562271002072,0.1634956581278909,0.18448699135590355,0.1377069125068939,0.03087848075404823,0.8351688616550873,0.4375,25.796875,27.0,0.03088848026812079,0.0035623723732243866,0.9385307346326837,0.0156953125,0.014929327475619284,0.27136431784107945
2,11,9,64,0.03125,0.015625,2.0,0.015625,0.026977662758954902,0.022572218353739848,0.00024059369724880632,0.19631358351079423,0.16250567883610623,0.19267543339646614,0.13552801607715134,0.029319047958175817,0.920141158656961,0.484375,25.34375,28.0,0.029246195106274155,0.003465158707783618,0.7286356821589205,0.0155078125,0.015164420376328888,0.2543728135932034
2,12,10,64,0.03125,0.015625,2.0,0.015625,0.02592889901525687,0.021452708413413374,0.00017564636890228134,0.18301565835053515,0.16393248249861708,0.18798108098450544,0.13800358348336023,0.028901784340649814,0.8971383465341399,0.53125,25.5,28.0,0.028789177166785918,0.00350063463375556,0.7906046976511744,0.0152421875,0.0150143277170755,0.2638680659670165
2,13,11,64,0.03125,0.015625,2.0,0.015625,0.02271734232391823,0.019048564351506467,4.258776188749685e-05,0.14088659263624007,0.16328617162755713,0.18250389240390102,0.1405688293036389,0.028221970150702734,0.8049523900213098,0.484375,25.453125,27.5,0.028187127917026485,0.003499319765764717,0.9555222388805598,0.0149609375,0.014633647251267574,0.2448775612193903
2,14,12,64,0.015625,0.015625,1.0,0.015625,0.022257572927997786,0.017498267678026754,0.00031150017062185273,0.10385272465929588,0.15752040579379206,0.18786314896675754,0.13526283286579427,0.027741114840365056,0.8023315953983085,0.453125,26.0,28.0,0.02778829359647518,0.0034787246525662635,0.95952023988006,0.0167265625,0.015757549259812945,0.6746626686656672
2,15,13,64,0.015625,0.015625,1.0,0.0,0.021626473558102217,0.018927729503581004,3.655174651865566e-06,0.0609304559847942,0.15997711328980518,0.18704735951948243,0.13835063973170297,0.02717976995457607,0.7956827299953331,0.359375,26.5,29.0,0.027167230587771138,0.003472919687881654,0.9490254872563718,0.01575,0.014859269798663552,0.657671164417791
2,16,14,64,0.015625,0.015625,1.0,0.0,0.024127855309816426,0.022949122775359924,0.00045791248880338686,0.07698866480793319,0.1614321372286731,0.19582011678419334,0.13730428191885669,0.026947325729044874,0.8953710491505465,0.40625,26.75,29.0,0.02675269195778862,0.0034009748370593487,0.7646176911544228,0.01565625,0.014677832744466646,0.6636681659170415
2,17,15,64,0.015625,0.015625,1.0,0.0,0.02041140314565329,0.017491769418366408,6.72201387704012e-05,0.07575061722007559,0.16131661699387795,0.17266886307091056,0.14090521384822466,0.026287048168001367,0.77648136889328,0.484375,26.75,29.0,0.026106445691060767,0.003422905205638271,0.9575212393803099,0.0151640625,0.014658130417186818,0.6426786606696652
2,18,16,64,0.0,0.015625,0.0,0.0,0.023839912737215852,0.017897490990916552,4.873927030215252e-05,0.07403935344069508,0.15701989483579742,0.20504102871787228,0.13317998209858162,0.026362213414178604,0.9043213618926944,0.5625,27.59375,29.0,0.02641852463242018,0.0033620436385066203,0.7706146926536732,0.0155625,0.014966129740006176,1.0
2,19,17,64,0.0,0.015625,0.0,0.0,0.0201745502339261,0.016529576195434863,0.0003113026450170061,0.06767483407508863,0.14879113831683488,0.18434946803747382,0.1286165880829088,0.026399414796491483,0.764204448827681,0.4375,26.5,26.5,0.026299436661786666,0.003391160419673814,0.9750124937531235,0.0157265625,0.015204748561238985,1.0
2,20,18,64,0.015625,0.015625,1.0,0.0,0.022994005874893947,0.02051766800406238,0.00021508959484976245,0.10152551999351167,0.11919189497169393,0.22886513414898296,0.0961978890968,0.02649008792849835,0.8680230106052884,0.5625,23.046875,20.0,0.026358371911914702,0.0030039109431040196,0.8760619690154923,0.01509375,0.014542814102969094,0.6381809095452274
2,21,19,64,0.0,0.015625,0.0,0.0,0.014803062520100961,0.011502852178241953,0.00021842786504999755,0.05203332563183008,0.08028802585894251,0.20735547541132204,0.06548496333884156,0.019701291722566468,0.7513752259779534,0.53125,24.546875,20.5,0.019604286192756098,0.0020876152286913034,0.992503748125937,0.015078125,0.01481678976242178,1.0
2,22,20,64,0.0,0.015625,0.0,0.0,0.016466647662319776,0.01533943710078321,0.00039564444999498085,0.04689809820294677,0.07187465286673755,0.27635458066212926,0.05540800520441777,0.019164752418323733,0.8592152563669826,0.484375,27.203125,24.5,0.019099422120113892,0.0019159320905272053,0.9145427286356822,0.01528125,0.015181100712626983,1.0
3,4,1,64,0.171875,0.015625,11.0,0.140625,0.2379424858685175,0.15711289671785175,0.01488666036574984,0.8514150717950919,0.5133021621104358,0.4314973824374728,0.27535967624191826,0.05415609413466322,4.393641928401548,0.421875,2.28125,2.0,0.056743557661872925,0.011143613475794097,0.0004997501249375312,0.0151953125,0.015150722710952632,0.0004997501249375312
3,5,2,64,0.109375,0.015625,7.0,0.09375,0.15657093715115733,0.1125072831577059,0.0037077196976451196,0.7219904645258413,0.3358773412160949,0.4473933744373781,0.17930640406493759,0.060422380761359286,2.5912738819335965,0.46875,7.34375,5.5,0.06181541730006691,0.008510711452811917,0.0004997501249375312,0.015703125,0.015471631933371342,0.0009995002498750624
3,6,3,64,0.078125,0.015625,5.0,0.078125,0.1162718443086484,0.07847829284587177,0.0031154330796661477,0.6352337209891332,0.3088043737895263,0.34985111138692926,0.19253252948087796,0.05880440674780544,1.9772641327256928,0.546875,10.15625,9.0,0.059691257525053394,0.0074602171157833064,0.0004997501249375312,0.01575,0.015518616077875186,0.0029985007496251873
3,7,4,64,0.0625,0.015625,4.0,0.046875,0.09169647651727802,0.07550122729861172,0.0005331237382303683,0.5062472247106031,0.2788688493625874,0.31549170431067325,0.1871723728453094,0.05572926221538969,1.6453918977588036,0.390625,13.984375,14.0,0.056430673162350904,0.006755437866197728,0.0004997501249375312,0.015796875,0.015518167481870168,0.017991004497751123
3,8,5,64,0.046875,0.015625,3.0,0.03125,0.07339739912730486,0.054285904192707464,0.0003517787630053391,0.41363591834100677,0.25992067757630133,0.2788977419326824,0.18652327844899644,0.05271480431156105,1.3923488872974503,0.578125,15.859375,16.5,0.053014120679793136,0.006291267849247505,0.0029985007496251873,0.0161796875,0.016107936220058686,0.08995502248875563
3,9,6,64,0.03125,0.015625,2.0,0.03125,0.047556649593874345,0.035976404497707504,0.00390919903963635,0.3259867629753815,0.2425052943082655,0.21903032946332412,0.19494864471439116,0.04530184011183254,1.0497730219451475,0.421875,21.0625,21.0,0.045356563744709234,0.005451279018079721,0.3248375812093953,0.0160078125,0.015312340081833822,0.28385807096451776
3,10,7,64,0.03125,0.015625,2.0,0.03125,0.039631557502439185,0.02648327977568677,0.0009187180972898149,0.2570513509042028,0.24025029523878033,0.18581901512487387,0.20061873773634115,0.04364992619463385,0.907940996869574,0.515625,22.25,23.0,0.043450403118390525,0.005402213047597252,0.7471264367816092,0.0155546875,0.015577872195550785,0.25787106446776614
3,11,8,64,0.03125,0.015625,2.0,0.015625,0.03814533856193155,0.02778228492950078,0.0003488671054237462,0.25201721577301095,0.24111058041709296,0.17691239140976178,0.2029652418551614,0.04177731512779644,0.9130634279691093,0.4375,21.6875,22.5,0.04145182123892218,0.005274951244220664,0.7286356821589205,0.0150390625,0.01495886307430587,0.2538730634682659
3,12,9,64,0.03125,0.015625,2.0,0.015625,0.03820042592426057,0.027417902733404716,0.0012207333046580539,0.23160580886433102,0.23944160131461803,0.182596865693588,0.2012411753903575,0.041164683861572994,0.9279902659454274,0.40625,21.671875,22.5,0.04110128360103418,0.005361146949634381,0.6906546726636682,0.015625,0.014876224564002767,0.26186906546726635
3,13,10,64,0.03125,0.015625,2.0,0.015625,0.03362619014526249,0.025414696367016258,0.0008977929663022809,0.17654500822465283,0.23385114680558888,0.17598395504147973,0.20022495666032644,0.04074400564477511,0.8253039830798917,0.4375,21.3125,22.5,0.04070679309941194,0.005356607113467806,0.9160419790104948,0.015578125,0.01502320167369923,0.2623688155922039
3,14,11,64,0.015625,0.015625,1.0,0.015625,0.03552904616788897,0.031056585552118307,0.00047036783108989153,0.1278736729282361,0.234975955828384,0.1931434227052502,0.199446909660495,0.03992611494763871,0.8898698562202634,0.453125,21.65625,22.5,0.03998991295386968,0.00531148105883403,0.8010994502748626,0.0157734375,0.01530045121147514,0.6461769115442278
3,15,12,64,0.015625,0.015625,1.0,0.0,0.03547332675688192,0.030624132253801197,0.001141207825065574,0.11240388137630031,0.23998519473555957,0.193303825015123,0.20451186797867765,0.039275068997638767,0.9032021499189369,0.546875,22.171875,22.5,0.03919490412052542,0.005261868902060019,0.7566216891554223,0.015359375,0.015045297711444196,0.6371814092953523
3,16,13,64,0.015625,0.015625,1.0,0.0,0.035157010758129506,0.03383567462720469,0.0005631627367343093,0.11752441730380148,0.2391793172289531,0.19259117202103015,0.20402230647082364,0.039078508065019404,0.8996507926974783,0.421875,22.671875,24.0,0.03896089792373238,0.0052005406627682466,0.7596201899050474,0.0159375,0.015141500029276105,0.6616691654172914
3,17,14,64,0.015625,0.015625,1.0,0.0,0.030265269508131198,0.021656575819962064,0.0003392220587857194,0.08623929933068364,0.2404425197076328,0.1655317708067648,0.21017725019950162,0.03866482934615217,0.782759681600486,0.453125,22.421875,23.5,0.03835203138722379,0.005213775071561975,0.9525237381309345,0.0157109375,0.01528495788438285,0.6461769115442278
3,18,15,64,0.0,0.015625,0.0,0.0,0.027554591505574752,0.022763838701919947,0.00044278179401764997,0.10502784113627905,0.2298946514276729,0.1448007099013571,0.20234005992209814,0.039022017749267224,0.7061293365869628,0.46875,22.390625,23.5,0.03894755580765093,0.00513517421402091,0.991504247876062,0.0161953125,0.015839786168941255,1.0
3,19,16,64,0.015625,0.015625,1.0,0.0,0.03125835428056514,0.024730974069521218,0.0003545773665340245,0.15339995979276505,0.21164879636118353,0.18946036466534585,0.18039044208061839,0.03941770144952772,0.7930029689983271,0.546875,22.671875,23.5,0.039321590365638585,0.004885528840017512,0.9625187406296851,0.015390625,0.015134844114246974,0.6356821589205397
3,20,17,64,0.046875,0.015625,3.0,0.0,0.044055186860408865,0.030540432906626128,0.00039022128578507145,0.1790487896338152,0.1735051976327378,0.28325217748352405,0.12945001077232893,0.04004036061461027,1.100269482696258,0.515625,21.28125,17.0,0.04003918666421067,0.004312183200408517,0.1794102948525737,0.015859375,0.015588023719385119,0.07846076961519241
3,21,18,64,0.03125,0.015625,2.0,0.0,0.023930874782839798,0.018904959328988023,2.381165250513878e-06,0.07220406411565466,0.13987134942471402,0.21857862868481037,0.1159404746418742,0.032656807931365175,0.7327989567484773,0.40625,24.640625,23.0,0.03266385820927068,0.0035089817023796414,0.9960019990004998,0.0156328125,0.015116472721045304,0.26436781609195403
3,22,19,64,0.046875,0.015625,3.0,0.0,0.024795790327781238,0.019707747430167483,0.00034141988165735794,0.10344067222496295,0.12906368370062804,0.26612600588556284,0.10426789337284681,0.030462339670294165,0.8139818082312714,0.625,25.90625,25.0,0.03031109761571277,0.003292930791679188,0.9615192403798101,0.0153671875,0.014812278220124646,0.06896551724137931
4,5,1,64,0.1875,0.015625,12.0,0.15625,0.20995265170920152,0.13273386086985595,0.0012012637032613833,0.845336001771122,0.4247336427305223,0.45780828187590084,0.21478099102132076,0.061372952042381336,3.4209312852381273,0.515625,3.390625,2.0,0.06391766200624349,0.010457580430798048,0.0004997501249375312,0.01578125,0.015822291206143504,0.0004997501249375312
4,6,2,64,0.15625,0.015625,10.0,0.109375,0.16308299978808377,0.10959838404102382,0.0018677702605616863,0.7552497557394897,0.35107286594586307,0.4295534031030509,0.18798986615777924,0.062173090750314845,2.6230479749353286,0.4375,5.859375,5.0,0.06352168566390926,0.008876849900722406,0.0004997501249375312,0.0153515625,0.015378350824556426,0.0004997501249375312
4,7,3,64,0.0625,0.015625,4.0,0.046875,0.12807989236202788,0.09339568389267447,0.0008287676424872563,0.6148000125164432,0.30499466229376404,0.4050203373096999,0.17691476993173622,0.06147192350843702,2.0835510758736695,0.5625,10.296875,9.0,0.06267510289879077,0.007767021260078753,0.0004997501249375312,0.015515625,0.015304770971550696,0.017991004497751123
4,8,4,64,0.0625,0.015625,4.0,0.046875,0.10158024826791262,0.07768001180185535,0.0013061016001003325,0.49875472242655516,0.2848509123941585,0.34849190049405776,0.1832706641262459,0.058024985846748464,1.7506294363638324,0.40625,11.671875,10.5,0.05874799371536648,0.007080233742391934,0.0004997501249375312,0.0155703125,0.015156718977236503,0.021989005497251374
4,9,5,64,0.03125,0.015625,2.0,0.03125,0.054669970618960964,0.03568651540815171,0.005669488266281161,0.41310444026103443,0.275296190990993,0.19627885811684898,0.22062622037203208,0.051637568350313176,1.0587247301824079,0.453125,18.40625,18.0,0.051594498656621836,0.006442956811535814,0.3028485757121439,0.015375,0.015461911499831267,0.2538730634682659
4,10,6,64,0.03125,0.015625,2.0,0.03125,0.05007521202153885,0.04170171548224109,0.0005526618965019277,0.33324310000559776,0.2737884637882056,0.19238642198554234,0.22371325176666673,0.04988673689598957,1.0037780608088727,0.421875,18.703125,18.0,0.04994889610047866,0.0062501563608401405,0.47426286856571714,0.01575,0.015280692467330811,0.25787106446776614
4,11,7,64,0.03125,0.015625,2.0,0.03125,0.04812823780772976,0.041851319373300444,0.0007978675677276035,0.32237322357732384,0.2780097627870569,0.18816248889174703,0.22988152497932718,0.04793543458332346,1.0040221440794734,0.484375,18.96875,18.0,0.047996232781670346,0.006192270617257852,0.47276361819090457,0.0153828125,0.015458086006645135,0.2688655672163918
4,12,8,64,0.03125,0.015625,2.0,0.015625,0.04502547069914958,0.03404609951208372,0.0003341340166924658,0.296116093394384,0.27681112825855886,0.1779270355774328,0.23178565755940927,0.04704063528972804,0.9571611952481753,0.5,19.109375,18.5,0.046848044135315736,0.006302605275790565,0.584207896051974,0.015875,0.01590577518834499,0.2798600699650175
4,13,9,64,0.03125,0.015625,2.0,0.015625,0.04403574789543314,0.03718688942999227,0.0009957723072405672,0.22554862998492067,0.27307966131735234,0.17946709558421062,0.2290439134219192,0.04618646707014569,0.9534339967712588,0.484375,19.5,19.5,0.04579134796528477,0.00601915280328656,0.5977011494252874,0.0160546875,0.015295134137332148,0.26486756621689156
4,14,10,64,0.03125,0.015625,2.0,0.015625,0.04105182022834805,0.03434264985136275,0.0004140331524308292,0.17216041491862638,0.2679513695077824,0.1837479275534853,0.2268995492794344,0.045554766569743096,0.9011531244595193,0.578125,19.234375,18.0,0.045610325222722375,0.006132924522268056,0.7641179410294853,0.0155703125,0.015624904248706113,0.26636681659170414
4,15,11,64,0.015625,0.015625,1.0,0.0,0.03911700159523685,0.032513544939267544,0.00066562281985667,0.11850308550823521,0.26959893449103567,0.176488136522591,0.23048193289579882,0.045207815694996566,0.8652707721856638,0.5,19.78125,20.5,0.04519078771820536,0.005956543834880114,0.8495752123938031,0.0153515625,0.015089738727145693,0.6356821589205397
4,16,12,64,0.015625,0.015625,1.0,0.0,0.03743035496225779,0.03406240865721187,0.00019668708117592283,0.12777982665788756,0.26786193091552346,0.16955834644911102,0.2304315759532656,0.04501115955567441,0.8315794423371853,0.546875,19.671875,20.5,0.04510453086667548,0.005943629254709959,0.9050474762618691,0.015765625,0.015328437179065298,0.63968015992004
4,17,13,64,0.015625,0.015625,1.0,0.0,0.033853355212183085,0.024810357781610077,9.307432920193249e-06,0.10551752830683798,0.26431737800114796,0.1565387152488033,0.23046402278896488,0.04440625135642854,0.7623556183668327,0.59375,20.25,20.5,0.0442098991337932,0.005875262318033453,0.9710144927536232,0.0156015625,0.01539663779770865,0.6381809095452274
4,18,14,64,0.0,0.015625,0.0,0.0,0.035508330488719056,0.030208412143277113,0.0006753896436555284,0.11102734675653206,0.2587280778314775,0.15685640527210612,0.22321974734275846,0.044977339117468665,0.7894715691379804,0.484375,20.0625,20.5,0.044816290254971095,0.005804612472692416,0.9615192403798101,0.0148359375,0.014949519988365344,1.0
4,19,15,64,0.0,0.015625,0.0,0.0,0.04058028570206713,0.03146870188571014,3.908380474742807e-06,0.18467686973955935,0.24552608542218607,0.17600109913653572,0.20494579972011895,0.04536355795775957,0.8945569423777032,0.625,19.625,19.5,0.04521153877833845,0.005639449309934018,0.7971014492753623,0.014796875,0.015226687426665383,1.0
4,20,16,64,0.0,0.015625,0.0,0.0,0.04978977708629821,0.04154288852903218,0.00044311524532114285,0.2007979591899313,0.19899273509504484,0.25980420702268736,0.14920295800874664,0.04631938786835653,1.0749230371481768,0.515625,18.46875,17.0,0.046431271512918024,0.005150412088803921,0.2463768115942029,0.016015625,0.015717545776360604,1.0
4,21,17,64,0.015625,0.015625,1.0,0.0,0.029147497408159657,0.0265761620377588,0.0009400741695295405,0.09330481846225083,0.16651737096209274,0.21765860260779246,0.13736987355393313,0.03796874944596359,0.767670724832321,0.453125,23.421875,20.5,0.03790200848104423,0.004259665389376858,0.984007996001999,0.0157578125,0.015411939611666033,0.6446776611694153
4,22,18,64,0.0625,0.015625,4.0,0.0,0.03187064167225804,0.027197943349395636,5.430890006919917e-05,0.10574629049510428,0.15572756675832478,0.26927009625654746,0.12385692508606674,0.03547797160133429,0.8983219793506857,0.578125,23.609375,24.0,0.03532242497047074,0.0038961215332725435,0.8060969515242379,0.0152421875,0.015127779592029897,0.013993003498250875
5,6,1,64,0.3125,0.015625,20.0,0.265625,0.37317983994529536,0.2647097998657767,0.0029225855586838736,0.9100255314476414,0.6030123597644065,0.5861246852199147,0.22983251981911118,0.0498193673671761,7.490657944226887,0.515625,1.578125,1.0,0.05475530352037613,0.0117791630607924,0.0004997501249375312,0.0153203125,0.015449076459341089,0.0004997501249375312
5,7,2,64,0.109375,0.015625,7.0,0.109375,0.1933857080042761,0.1198712706366935,0.001179295050449643,0.759312127890421,0.46104111980122253,0.39922907253273254,0.2676554117969465,0.06040187374110245,3.20165081025757,0.453125,4.109375,3.0,0.06213370812181199,0.010337894930571252,0.0004997501249375312,0.0153828125,0.015465984797135174,0.0004997501249375312
5,8,3,64,0.09375,0.015625,6.0,0.078125,0.14247577894634186,0.09741711778301847,0.0006691147635036164,0.6157920326976712,0.40778115708334717,0.3309367383934708,0.2653053781370053,0.0595971196860653,2.390648737671375,0.5625,5.515625,4.0,0.06102073154175703,0.009209367489255462,0.0004997501249375312,0.0152890625,0.01553514802699685,0.0014992503748125937
5,9,4,64,0.046875,0.015625,3.0,0.03125,0.08193711964836807,0.04414218218644879,0.0003439566280070659,0.5210768043038401,0.33874672514448756,0.23274793967374197,0.25680960549611953,0.05983001466398246,1.3694985720552404,0.421875,12.234375,13.0,0.060140799839908894,0.007948699268839138,0.0069965017491254375,0.0159296875,0.01553579266618627,0.07546226886556721
5,10,5,64,0.046875,0.015625,3.0,0.03125,0.08154133647103043,0.049560263079477494,0.0066485194914115645,0.450124628523547,0.33440530523457307,0.24328378688083685,0.25286396876354267,0.05772855193233467,1.4124957883337768,0.46875,13.453125,13.5,0.0580485539894604,0.007715840846013945,0.0029985007496251873,0.0156328125,0.01530116959329597,0.08045977011494253
5,11,6,64,0.046875,0.015625,3.0,0.03125,0.08008796737208851,0.05022294112689991,0.005263149290310521,0.4568834515001109,0.3333924173848096,0.23985121024238276,0.2533044500127211,0.056077865942613075,1.4281564753916638,0.4375,13.125,13.0,0.05650090155349551,0.007702343251826591,0.00399800099950025,0.01546875,0.015541925227666977,0.07896051974012994
5,12,7,64,0.03125,0.015625,2.0,0.015625,0.07982257467250278,0.058066703995379075,0.0024035119868282963,0.41967791834508156,0.3328644082201305,0.24108834395579115,0.2530418335476277,0.05530412571498468,1.4433385148130968,0.5,13.578125,13.0,0.05572840805352554,0.007710027651765981,0.004497751124437781,0.0153828125,0.014902962551074974,0.26686656671664166
5,13,8,64,0.03125,0.015625,2.0,0.015625,0.0735405524825766,0.05375682169418526,0.004018097273550157,0.33347802330522724,0.3350656689982835,0.22601998914660995,0.2615251165157069,0.05462882028487163,1.346185989356651,0.4375,13.859375,12.5,0.055062840781394354,0.007491738176551518,0.011494252873563218,0.0160234375,0.015415283373225163,0.27436281859070466
5,14,9,64,0.03125,0.015625,2.0,0.015625,0.06917281258884522,0.05669717392034271,0.00016258105269864598,0.24874350368707723,0.33155172279067846,0.21890730636715922,0.26237891020183324,0.053815572634754304,1.2853679558205269,0.421875,13.921875,13.5,0.0538214327954674,0.007722658776856911,0.03298350824587706,0.0155390625,0.015188771657076787,0.26186906546726635
5,15,10,64,0.015625,0.015625,1.0,0.0,0.06062069317784106,0.05239397432502538,6.102442261882168e-05,0.23097512765395833,0.3327741227563495,0.1979318679019817,0.2721534295785084,0.053185956177442116,1.1397875968534763,0.484375,13.9375,12.0,0.05326705584733576,0.007595098176493858,0.16741629185407297,0.015203125,0.015458174890485857,0.6156921539230384
5,16,11,64,0.015625,0.015625,1.0,0.0,0.0522492540155857,0.046754399611622685,0.0007170362403865582,0.14411467896739677,0.33990982667932046,0.17268321688512595,0.28766057266373474,0.0526522284128699,0.9923464892288263,0.421875,14.671875,14.0,0.05270772482597768,0.0076694251547751585,0.5057471264367817,0.01621875,0.015562782580995329,0.6536731634182908
5,17,12,64,0.015625,0.015625,1.0,0.0,0.046526248306599294,0.03750709318991194,0.0006749437183267669,0.12505299666557945,0.3334226808008578,0.16274679845568843,0.2868964324942585,0.05240258978104365,0.8878616209809903,0.625,15.4375,15.0,0.052296315974704737,0.007690691050813474,0.7626186906546727,0.016046875,0.015693407967557367,0.6426786606696652
5,18,13,64,0.0,0.015625,0.0,0.0,0.049623723239873734,0.04274340496803832,0.0004592553590371457,0.172260269298759,0.32665409696136705,0.1661545024461255,0.2770303737214933,0.052826918116064006,0.9393643432094098,0.5625,15.015625,13.0,0.05292077368173419,0.007612727868207552,0.6516741629185407,0.0156328125,0.015467879906656476,1.0
5,19,14,64,0.0,0.015625,0.0,0.0,0.05856802596661806,0.040026078614725374,0.0015455742785972695,0.32736038686447905,0.2961810218702081,0.20077773590135112,0.23761299590359006,0.05455607420308314,1.0735381315855053,0.453125,14.484375,13.5,0.054773550771151064,0.0070529756937280945,0.2733633183408296,0.0156875,0.01559749329695558,1.0
5,20,15,64,0.046875,0.015625,3.0,0.03125,0.06947492002527697,0.050446555695156436,0.0015999185075325738,0.432020831802896,0.24307453505868087,0.2713428615355298,0.17359961503340388,0.05570834082862089,1.2471188154572237,0.53125,16.40625,16.0,0.05603928034705744,0.006160521570685167,0.015492253873063468,0.016390625,0.01574257756399994,0.08695652173913043
5,21,16,64,0.03125,0.015625,2.0,0.0,0.04515719105370526,0.03785239359883322,0.0002782979500316552,0.22466209436280002,0.20983564384861508,0.23770973903930454,0.16467845279490984,0.047813194635845206,0.9444504053249612,0.5625,23.046875,24.5,0.04765541872269587,0.005190811349104173,0.6876561719140429,0.015265625,0.015002701302850975,0.2608695652173913
5,22,17,64,0.03125,0.015625,2.0,0.0,0.04465488304544812,0.0385900325355954,0.0014826567987591618,0.1354093143105241,0.19577918040499287,0.27007424806215724,0.15112429735954477,0.04398077221185965,1.0153273987628324,0.53125,22.34375,24.0,0.043915080258555256,0.004784562636892411,0.43428285857071464,0.0154765625,0.015107663655299405,0.2683658170914543
6,7,1,64,0.28125,0.015625,18.0,0.234375,0.30189702795886414,0.20590284546491375,0.0032805298878110494,0.8594277304426575,0.5755614236094679,0.5125925900597921,0.2736643956506039,0.05300940993470621,5.695159186467509,0.453125,1.421875,1.0,0.05701907677249315,0.012463031606101732,0.0004997501249375312,0.015203125,0.014927619670392429,0.0004997501249375312
6,8,2,64,0.171875,0.015625,11.0,0.15625,0.21040262086799255,0.1465720991957548,0.005702247298465115,0.7124427533403623,0.4877002045929757,0.4281101017544447,0.27729758372498314,0.05782656618285773,3.638511410182348,0.453125,3.28125,2.0,0.05995848227021365,0.011216298717079215,0.0004997501249375312,0.0154140625,0.015748152660382143,0.0004997501249375312
6,9,3,64,0.078125,0.015625,5.0,0.03125,0.1126373462028902,0.07169032355830095,0.0005002084906605628,0.5875449649667158,0.3876419960981815,0.2858790206754771,0.2750046498952913,0.0633166577025315,1.7789528109975834,0.53125,9.21875,9.0,0.06392992319592204,0.008868359112475034,0.0004997501249375312,0.0156796875,0.015132525958536685,0.005497251374312844
6,10,4,64,0.078125,0.015625,5.0,0.046875,0.10418800771098663,0.08089635942974582,0.001196868880460287,0.5164397566348237,0.381677806008363,0.2721521984065147,0.2774897982973764,0.06167464802651578,1.6893166162244344,0.46875,10.203125,9.5,0.062251143286995776,0.00895447441137307,0.0004997501249375312,0.0157578125,0.015569622272913508,0.00399800099950025
6,11,5,64,0.0625,0.015625,4.0,0.046875,0.10364771228601971,0.07891955411914395,0.002620497832013769,0.5096179095196718,0.38592282991888716,0.2718296713547794,0.2822751176328674,0.059617546341915205,1.7385437450173673,0.421875,10.375,10.0,0.06030277166581503,0.008833167303605593,0.0004997501249375312,0.0154375,0.015256055617081885,0.01649175412293853
6,12,6,64,0.0625,0.015625,4.0,0.03125,0.09878681161150447,0.07143642512546,0.003724830955466268,0.4711795713761325,0.3846716689759794,0.2630294935751101,0.2858848573644749,0.05899399573132973,1.6745231508202811,0.46875,10.6875,10.0,0.05974166669142187,0.009116384913584645,0.0014992503748125937,0.0158125,0.01595263671965091,0.0239880059970015
6,13,7,64,0.046875,0.015625,3.0,0.015625,0.09206865506303466,0.07875984489217389,0.00015531845932914567,0.38638993601026167,0.38545860265665505,0.25250260015424486,0.29338994759362036,0.058158094249870014,1.5830755159801413,0.546875,10.625,9.5,0.058930999185661075,0.008817463672394067,0.0024987506246876563,0.016375,0.015897726157331014,0.08545727136431784
6,14,8,64,0.046875,0.015625,3.0,0.015625,0.08412572966369972,0.07473790098327562,0.0004583708903501231,0.30692446676010104,0.3753973652527497,0.23692088956240467,0.29127163558904995,0.057637532019318365,1.4595650909463525,0.5,11.296875,10.5,0.058116940438762386,0.008679166559334955,0.005497251374312844,0.015453125,0.01540759044776561,0.07146426786606697
6,15,9,64,0.03125,0.015625,2.0,0.015625,0.07108362740551868,0.06576961360978492,0.0015732896896333407,0.32397727652873104,0.38783681826584604,0.20179103977909454,0.3167531908603274,0.057182714272471735,1.2430964201316161,0.5,11.109375,10.0,0.0572559390096806,0.00828217721032756,0.05647176411794103,0.015234375,0.015050686818089834,0.26036981509245377
6,16,10,64,0.015625,0.015625,1.0,0.0,0.06912372238864503,0.05810005513324046,0.0008634744470330861,0.1994243969330675,0.3928009771800909,0.1901989224650734,0.3236772547914458,0.05667758955190301,1.21959530980661,0.421875,11.78125,11.5,0.05688398838372801,0.008466019674398832,0.08195902048975512,0.0157421875,0.015388274839260186,0.6461769115442278
6,17,11,64,0.015625,0.015625,1.0,0.0,0.06873410263292454,0.06349351513895898,0.0024041124232289032,0.18646359309486618,0.3875444921696951,0.1991692203890729,0.3188103895367706,0.05635385427025298,1.2196876952426412,0.390625,12.8125,13.0,0.056490147265794155,0.008678694283193044,0.08395802098950525,0.015578125,0.015519048921376821,0.6346826586706646
6,18,12,64,0.0,0.015625,0.0,0.0,0.06069845595664748,0.05266199960705667,0.0023461761462847362,0.20934143372563824,0.3656513157702602,0.18151432853334123,0.30495285981361275,0.05764047015831028,1.0530527559879093,0.515625,12.375,13.0,0.05791528288386211,0.008243750787982031,0.34132933533233384,0.0156953125,0.015522894795954359,1.0
6,19,13,64,0.0,0.015625,0.0,0.0,0.055850216140598846,0.04834531450048471,9.302149935657734e-05,0.1702859122851534,0.32540775719470866,0.17829835439913538,0.26955754105410984,0.05937140823195648,0.9406921244380664,0.515625,12.328125,12.0,0.05931010012756074,0.007722541964059744,0.671664167916042,0.0155390625,0.01539641569056422,1.0
6,20,14,64,0.03125,0.015625,2.0,0.015625,0.06763730486544871,0.048368356911851026,0.00034598424880983257,0.4224854948407202,0.26356107168457077,0.24621968005147507,0.19592376681912205,0.06163942490227478,1.097305904016515,0.5625,13.484375,13.5,0.061496147385768335,0.006747929263761675,0.17491254372813594,0.01515625,0.015032214604823292,0.24187906046976512
6,21,15,64,0.046875,0.015625,3.0,0.0,0.058827298619394106,0.04170845317631952,0.0009995587809223175,0.27559184517597657,0.22795514857721524,0.2834235570706165,0.16912784995782115,0.053424860322589245,1.1011221791537484,0.453125,20.46875,21.5,0.05369781630375796,0.0058260074608335,0.1839080459770115,0.015453125,0.015111456628005292,0.06896551724137931
6,22,16,64,0.046875,0.015625,3.0,0.0,0.052796866649703095,0.04363634687471901,0.0005033232101022012,0.24603742655280894,0.21773270004124012,0.2840966734088617,0.16493583339153703,0.0493121601002405,1.0706662726268525,0.515625,21.875,20.5,0.04936546788315622,0.005416954427124819,0.26936531734132935,0.015765625,0.015368223714354312,0.07746126936531735
7,8,1,64,0.5,0.015625,32.0,0.46875,0.5110109211780869,0.5542760371764992,0.0033565452223941372,0.9234322644699862,0.6954938206740262,0.7101195611691392,0.1844828994959394,0.0394616584741066,12.949555110903281,0.390625,0.859375,0.5,0.04691741918065732,0.013277207928497434,0.0004997501249375312,0.0155625,0.01504751364706074,0.0004997501249375312
7,9,2,64,0.078125,0.015625,5.0,0.078125,0.15039627896472182,0.09500279218943876,0.0001791579992642886,0.7327304370142399,0.4460431640308426,0.3099706580512242,0.2956468850661208,0.06381358424773893,2.3568066382362893,0.46875,5.71875,5.5,0.06489070824733358,0.010124788860833024,0.0004997501249375312,0.015375,0.015422366661661349,0.00399800099950025
7,10,3,64,0.078125,0.015625,5.0,0.078125,0.1417027221525481,0.08912135621578512,0.007750384772592017,0.6954279001362729,0.428771989224101,0.3118699051604422,0.28706926707155295,0.06278105495253158,2.2570936767419525,0.421875,7.140625,6.0,0.06341594812764838,0.01001413337743521,0.0004997501249375312,0.015,0.015172119878606465,0.0029985007496251873
7,11,4,64,0.078125,0.015625,5.0,0.0625,0.13448942318370066,0.072254319471777,0.0006515645366210498,0.6945093807695069,0.4350985855732068,0.2953046297807751,0.3006091623895061,0.061237415160488556,2.196196930115946,0.453125,8.0625,8.0,0.06247372785109451,0.010015371914645467,0.0004997501249375312,0.01625,0.01605599305809332,0.005997001499250375
7,12,5,64,0.046875,0.015625,3.0,0.03125,0.12963490239823436,0.07708168773405107,0.0012451017979528255,0.6968790266116976,0.43149860517851424,0.29055949583130525,0.30186370278027985,0.060518810583221616,2.1420596530060467,0.4375,7.96875,7.5,0.06157603704034396,0.009789830996852478,0.0004997501249375312,0.0155625,0.0158537840312354,0.08745627186406797
7,13,6,64,0.046875,0.015625,3.0,0.03125,0.11684291256211157,0.09031288629221723,0.0037457948662683767,0.6102594767799441,0.42920936405889765,0.28090178179578107,0.3123664514967861,0.059825498991645694,1.9530620643620216,0.46875,7.921875,7.0,0.06070477143152631,0.009494811239280665,0.0004997501249375312,0.0149375,0.015233688042482945,0.07646176911544228
7,14,7,64,0.03125,0.015625,2.0,0.015625,0.10178242239369764,0.0729239088662669,0.0013626834827760795,0.4613694843158875,0.4121368438554359,0.2571851519431858,0.31035442146173825,0.060222498777469095,1.6901062636042141,0.4375,8.703125,8.0,0.06070480538464467,0.009754394762454831,0.0004997501249375312,0.0154453125,0.015655202722289537,0.25787106446776614
7,15,8,64,0.03125,0.015625,2.0,0.015625,0.08780520294092883,0.06918470086610831,0.0008468949094434779,0.28792608542272863,0.4105337673969942,0.23352908481751494,0.3227285644560654,0.06043855756899748,1.4528011003685721,0.484375,8.421875,8.0,0.06113579235438377,0.009516933998154689,0.0074962518740629685,0.01596875,0.015221272372203791,0.27386306846576713
7,16,9,64,0.015625,0.015625,1.0,0.0,0.06853968473075554,0.048584932586650406,0.004706845880915478,0.2045917586391772,0.40799695903876393,0.1930253811524873,0.33945727430800837,0.060428969954175515,1.134218981106753,0.53125,8.53125,8.0,0.06066246757438336,0.009501938954087649,0.19390304847576212,0.016359375,0.015619457183453202,0.6591704147926037
7,17,10,64,0.03125,0.015625,2.0,0.0,0.08050725507383766,0.0689036159223624,0.0007396247029219003,0.26525104911857234,0.4110716049031858,0.23248590286545323,0.33056434982934807,0.05950322668354576,1.3529897378842495,0.46875,9.90625,9.0,0.059825889533898,0.0093025627489781,0.02148925537231384,0.01515625,0.015113242653026007,0.255872063968016
7,18,11,64,0.0,0.015625,0.0,0.0,0.07422088922363416,0.06415811526629372,0.0044336463500052326,0.2255626397692017,0.390856171913628,0.20481638878200875,0.31663528268999386,0.06083063331555654,1.2201235656813927,0.5,9.421875,9.0,0.060910578519963635,0.009042860631107747,0.08445777111444278,0.0149609375,0.015334608861104194,1.0
7,19,12,64,0.03125,0.015625,2.0,0.015625,0.09645965334148196,0.07404699654587915,0.0012101080664673426,0.35710573911333904,0.35663800526122247,0.28162381335540426,0.2601783519197406,0.0628753512063293,1.534140986742861,0.53125,9.171875,7.0,0.06362828602318078,0.008658343926897082,0.0004997501249375312,0.0158515625,0.015098606784551712,0.2698650674662669
7,20,13,64,0.015625,0.015625,1.0,0.015625,0.08254447416684077,0.06863395240579129,0.00360585785187103,0.4613234101151188,0.2884835043780193,0.28670312805258164,0.2059390302111785,0.065654121781971,1.257262635253282,0.421875,13.390625,14.5,0.06575511679671,0.0074250190862387355,0.01999000499750125,0.01534375,0.015532303826817976,0.6276861569215393
7,21,14,64,0.03125,0.015625,2.0,0.0,0.06391112661579984,0.05049335381374499,0.00644973327901734,0.2603192678321964,0.2571896243014552,0.2690028025161454,0.19327849768565541,0.05777354809711344,1.1062350975634998,0.390625,17.8125,18.0,0.057710853991712226,0.0063299136600365406,0.16241879060469766,0.0157890625,0.015419561062665708,0.2703648175912044
7,22,15,64,0.046875,0.015625,3.0,0.0,0.05272727407837202,0.03666481619664439,0.0017302175301671663,0.1961792502225874,0.23817505775304593,0.2618665599364045,0.1854477836746739,0.05357143302388349,0.9842423676601088,0.53125,19.40625,19.0,0.05349649319809503,0.005817378462714897,0.5357321339330335,0.0156640625,0.015412462617491131,0.0734632683658171
8,9,1,64,0.09375,0.015625,6.0,0.09375,0.20841544824643837,0.13599708405240063,0.0034830518653801447,0.8963039222750343,0.48204555706494745,0.40624706046865655,0.273630108818509,0.06270764951697778,3.323604852865852,0.53125,4.703125,4.0,0.06510581942118171,0.011039681644515598,0.0004997501249375312,0.0161015625,0.01553146835462504,0.0009995002498750624
8,10,2,64,0.109375,0.015625,7.0,0.09375,0.17341003782584066,0.11718437892995834,0.0011134856793261847,0.8851395202494378,0.48552129530213434,0.32981478072024534,0.31211125747629365,0.06287001798279174,2.7582310835874906,0.5,5.390625,6.0,0.06471762168799236,0.011206480468395752,0.0004997501249375312,0.015703125,0.01580742525542911,0.0004997501249375312
8,11,3,64,0.09375,0.015625,6.0,0.0625,0.16196495861046517,0.08905547717045575,0.0005711077203926574,0.8746075060609488,0.4798965722919514,0.3186951518324159,0.3179316136814862,0.06136760262230195,2.6392583658075726,0.46875,5.96875,6.5,0.06264660630126882,0.01084107034255736,0.0004997501249375312,0.0157109375,0.01538848119082172,0.0004997501249375312
8,12,4,64,0.09375,0.015625,6.0,0.0625,0.1612984926315473,0.09405049231768954,0.012387397236653393,0.8592114965059497,0.47556195460071493,0.3289328707392364,0.3142634619691676,0.06111555256895734,2.6392380638226656,0.5625,6.34375,6.5,0.06253748036356112,0.010463011136886729,0.0004997501249375312,0.0156484375,0.01595754912049655,0.0004997501249375312
8,13,5,64,0.0625,0.015625,4.0,0.03125,0.14126247727157137,0.09419016772008035,0.0008881170768719987,0.7284820914274639,0.47562722873680485,0.3026455201388681,0.3343647514652335,0.06108488151394221,2.3125603876194663,0.59375,6.703125,6.0,0.06178342835026424,0.010492478629832042,0.0004997501249375312,0.01503125,0.01555493294446985,0.017491254372813594
8,14,6,64,0.046875,0.015625,3.0,0.015625,0.12837733205483196,0.09812610537949232,0.0003989499334526962,0.5169984819890726,0.4529220622685001,0.2956407121267993,0.3245447302136682,0.06150127382793805,2.087393058133932,0.5625,6.375,6.5,0.06267013484054944,0.010078325816549825,0.0004997501249375312,0.0156015625,0.015372822356506177,0.08345827086456771
8,15,7,64,0.046875,0.015625,3.0,0.015625,0.11324456647072073,0.09104453027533257,0.0037445768346747615,0.39341653375968827,0.44271616734576275,0.2736301753500086,0.32947160087504207,0.061312048391675845,1.847019785528738,0.484375,7.046875,6.0,0.062292344462820705,0.01045971331197194,0.0004997501249375312,0.0160859375,0.01570397865690163,0.08445777111444278
8,16,8,64,0.03125,0.015625,2.0,0.015625,0.10468047517507731,0.08122556063425913,0.00039903133570770756,0.45499965426698075,0.44221731478203186,0.2537167280155723,0.3375368396069546,0.061725924187714255,1.6958915812541628,0.546875,7.140625,7.0,0.06236661631789364,0.010097687370672284,0.0004997501249375312,0.015453125,0.01579122283006004,0.2658670664667666
8,17,9,64,0.046875,0.015625,3.0,0.0,0.09879077806902513,0.07099595641830042,0.00031805259374037553,0.42260530036569993,0.43524345978355783,0.2517146664111887,0.33645268171453274,0.06162533992059828,1.6030869476146175,0.46875,8.328125,8.0,0.0621194129366382,0.009993463445013758,0.0004997501249375312,0.0161171875,0.015483726567643673,0.08345827086456771
8,18,10,64,0.0,0.015625,0.0,0.0,0.09977186510361191,0.09318011346420259,0.0013368929678713318,0.3364166690668661,0.4271158779547105,0.24806147857178473,0.3273440128510986,0.06295172270179014,1.584894913460005,0.421875,8.0,8.0,0.06364781105388613,0.0096594020361808,0.0014992503748125937,0.0161171875,0.015538842547506612,1.0
8,19,11,64,0.03125,0.015625,2.0,0.03125,0.12134905968416734,0.0967415153081195,0.00031251375849659924,0.43982800033361363,0.3686510109115628,0.3287285626124816,0.24730195122739548,0.06655038045281032,1.8234164682231047,0.53125,7.125,6.0,0.06747198919282768,0.009334376341829405,0.0004997501249375312,0.015421875,0.01562758701695054,0.25837081459270367
8,20,12,64,0.015625,0.015625,1.0,0.015625,0.08436005365177118,0.07270425963757951,0.002277617153836193,0.4876364311635073,0.2979658770871,0.2775914720058205,0.21360582343532875,0.0701598005390872,1.2023987098534121,0.515625,11.6875,11.0,0.07038653575704569,0.007815805024980218,0.04247876061969016,0.015875,0.015828804654123105,0.6341829085457271
8,21,13,64,0.03125,0.015625,2.0,0.015625,0.07455264769112208,0.06889666732705098,5.2405346512626044e-06,0.29325097851844284,0.2688693430939379,0.30170089682106177,0.19431669540281582,0.06203558098079811,1.201772378245291,0.46875,17.84375,20.0,0.06245672323132428,0.006638675355477758,0.04097951024487756,0.015953125,0.015781010475574436,0.27386306846576713
8,22,14,64,0.03125,0.015625,2.0,0.0,0.05637645670188308,0.04857630323481634,0.00102009424913806,0.16637108913721704,0.25978454173635,0.2505794810434252,0.20340808503446697,0.057229197314889124,0.9850995531474248,0.59375,19.703125,18.5,0.05708652599574379,0.006358650231096715,0.5402298850574713,0.015140625,0.01529749152174316,0.25087456271864067
9,10,1,64,0.828125,0.015625,53.0,0.8125,0.7821327241266313,0.8541287974984787,0.1290101142572752,0.9922838633459488,0.8494549357103602,0.9148787026398155,0.06732221158372899,0.023840057883350738,32.80750105363008,0.203125,0.1875,0.0,0.035833215979680644,0.014794238662548148,0.0004997501249375312,0.0159140625,0.01560668127946724,0.0004997501249375312
9,11,2,64,0.609375,0.015625,39.0,0.609375,0.628386152975202,0.697387016636188,0.0164118934370847,0.9870450593363918,0.7661826112308376,0.8032020616691109,0.13779645825563563,0.03388368827651279,18.545388207067806,0.265625,0.515625,0.0,0.04299709409603156,0.01393709442263203,0.0004997501249375312,0.01565625,0.015953708506019768,0.0004997501249375312
9,12,3,64,0.59375,0.015625,38.0,0.59375,0.5692243999115767,0.6204504225160541,0.0017090550531420404,0.9827365368987276,0.740927288689853,0.7492893983489384,0.1717028887782764,0.03752176011910837,15.170514339003326,0.328125,0.578125,0.0,0.04594727131547859,0.013875015874799073,0.0004997501249375312,0.0155859375,0.015609310453861061,0.0004997501249375312
9,13,4,64,0.46875,0.015625,30.0,0.421875,0.4799934054270111,0.4633332965017589,0.028795046548767175,0.9777910042913596,0.6942919666922851,0.6655084762152702,0.21429856126527408,0.042415948677683946,11.316342564313484,0.40625,0.78125,1.0,0.04900052142356212,0.013175476107334112,0.0004997501249375312,0.0156015625,0.015412494314243462,0.0004997501249375312
9,14,5,64,0.359375,0.015625,23.0,0.34375,0.4289959834508591,0.33682120241039437,0.0033503013180525244,0.9582454405500987,0.6575736788554731,0.6318898033072885,0.22857769540461412,0.04601869089618297,9.322211803431424,0.421875,1.125,1.0,0.05196645232651714,0.01326704011283641,0.0004997501249375312,0.0156640625,0.01576501912376195,0.0004997501249375312
9,15,6,64,0.34375,0.015625,22.0,0.28125,0.377236789454269,0.30546126541858176,0.004305527098545165,0.9208865180236793,0.6431857751818988,0.5908825096107146,0.2659489857276299,0.04925185502866362,7.659341749355929,0.46875,1.375,1.0,0.05468229528759446,0.012863222993334658,0.0004997501249375312,0.015609375,0.015597610749403896,0.0004997501249375312
9,16,7,64,0.125,0.015625,8.0,0.078125,0.23908256034819989,0.18789154067765595,0.0020398992384291596,0.8818918641801728,0.6180430364225205,0.4146236561559495,0.37896047607432043,0.05409956484155637,4.419306533211697,0.5,1.765625,1.0,0.05660312245497219,0.012548082645403576,0.0004997501249375312,0.0153515625,0.01565384523228628,0.0004997501249375312
9,17,8,64,0.109375,0.015625,7.0,0.09375,0.2150149955171196,0.1656736424126603,0.010015694877163403,0.8124328659772554,0.5867344662027763,0.3823407036493801,0.3717194706856566,0.05686574345360255,3.781098820813852,0.515625,2.140625,1.5,0.05918638372086596,0.012270131729566145,0.0004997501249375312,0.0152734375,0.015691250166477724,0.0004997501249375312
9,18,9,64,0.125,0.015625,8.0,0.109375,0.2187467629155881,0.16379525217917162,0.0016495863584981407,0.9010627744633706,0.5174750876254595,0.4236183457282079,0.29872832470987126,0.06263394105795135,3.492463658213605,0.46875,2.671875,2.0,0.0648339813131967,0.011399913104598543,0.0004997501249375312,0.0152890625,0.015745981031454193,0.0004997501249375312
9,19,10,64,0.109375,0.015625,7.0,0.0625,0.18511794891409455,0.15486844673869915,0.005221283941205013,0.7630503251732205,0.4241338085088432,0.4368718066230627,0.2390158595947487,0.0700563393069121,2.6424153866091302,0.484375,3.890625,2.0,0.0716976930446943,0.010583203677729369,0.0004997501249375312,0.015015625,0.015491385626330746,0.0004997501249375312
9,20,11,64,0.0625,0.015625,4.0,0.046875,0.12702774079343843,0.10591668345520165,0.0008285615538937462,0.4491702290394808,0.3298616686581558,0.38543175887331527,0.20283392786471743,0.07638534315721214,1.6629857973145041,0.515625,7.71875,6.0,0.07682883985809756,0.008874089168369612,0.0004997501249375312,0.01490625,0.015111497038145062,0.017491254372813594
9,21,12,64,0.03125,0.015625,2.0,0.0,0.07519672202903449,0.06783277211764596,0.002078367627485688,0.31188740520143443,0.28807861907649795,0.2817433546665401,0.21288189704746346,0.07004308024801738,1.0735781716447712,0.625,13.40625,12.0,0.07016819259232548,0.00754335169266811,0.24187906046976512,0.0157109375,0.015428112883375103,0.26486756621689156
9,22,13,64,0.015625,0.015625,1.0,0.0,0.06543848365949775,0.04883171895904308,0.00030349418507418825,0.2588905778181516,0.2909684144854846,0.25372553603891895,0.22552993082598682,0.0644679312354185,1.0150548095073049,0.5,15.265625,15.0,0.06460794170158064,0.007492945753787989,0.4542728635682159,0.0156171875,0.015364891570519807,0.6356821589205397
10,11,1,64,0.859375,0.015625,55.0,0.828125,0.8510380753455542,0.9377994005662411,0.2796504537253752,0.9963044648743618,0.8953957224811522,0.9449923121636468,0.044357647135598116,0.017756511556122397,47.92822467722375,0.15625,0.15625,0.0,0.031098231658508987,0.014808291895731804,0.0004997501249375312,0.016078125,0.015425652741152327,0.0004997501249375312
10,12,2,64,0.84375,0.015625,54.0,0.796875,0.7765968860487907,0.8717152217389532,0.0024827757676261775,0.9966845188155025,0.8584315257469279,0.8979728819427291,0.0818346396981372,0.023487107998892146,33.064815220563624,0.3125,0.171875,0.0,0.03534548060703001,0.014337497513158036,0.0004997501249375312,0.0157421875,0.015091762009209366,0.0004997501249375312
10,13,3,64,0.65625,0.015625,42.0,0.59375,0.6444603056726097,0.7610287962340874,0.001469056918203752,0.9961881359741972,0.786373290243509,0.803597940701009,0.14191298457089935,0.03128296223125178,20.601000023865765,0.40625,0.453125,0.0,0.0408569529192989,0.014027854059889888,0.0004997501249375312,0.015734375,0.015814964231897686,0.0004997501249375312
10,14,4,64,0.515625,0.015625,33.0,0.5,0.5737781409013599,0.5601367333660604,0.01044971869815208,0.9791164241411878,0.74702017914691,0.7535684396569446,0.17324203824555012,0.03722312920753453,15.414559525673043,0.40625,0.765625,0.0,0.04566227486982134,0.013787664994249481,0.0004997501249375312,0.0158046875,0.015678589239632383,0.0004997501249375312
10,15,5,64,0.46875,0.015625,30.0,0.4375,0.47990900178521423,0.4847156395497922,0.0013772620112948804,0.9644434695276134,0.7022526139177324,0.6850150392940602,0.2223436121325182,0.0432799586632709,11.08848105699519,0.40625,0.78125,1.0,0.0496309536104155,0.012985213751698288,0.0004997501249375312,0.0149765625,0.014816812430019723,0.0004997501249375312
10,16,6,64,0.1875,0.015625,12.0,0.125,0.31220403461032253,0.3253248957145125,0.0013029145599811327,0.8972712798343835,0.6537249522033348,0.5130074575053358,0.34152091759301223,0.050396655196980375,6.194935624002065,0.40625,1.265625,1.0,0.05442271086902686,0.013124765739559527,0.0004997501249375312,0.0156484375,0.015491533447350167,0.0004997501249375312
10,17,7,64,0.1875,0.015625,12.0,0.125,0.2848273645993542,0.23228036854334547,0.0073536041195754135,0.7406421857570686,0.6136307435255026,0.49382058595301476,0.3288033789261484,0.05375635160411142,5.298487640994779,0.46875,1.796875,1.0,0.056999817581289365,0.012403906464610827,0.0004997501249375312,0.0151015625,0.015363921794826754,0.0004997501249375312
10,18,8,64,0.109375,0.015625,7.0,0.09375,0.2569547641864717,0.19494027235405278,0.001118731529741181,0.9168425611220706,0.5327133058199427,0.48226675260769925,0.2757585416334711,0.06138488956711778,4.185961170550274,0.4375,2.640625,2.0,0.06497802463806422,0.011658151402813231,0.0004997501249375312,0.016640625,0.016195161043657147,0.0004997501249375312
10,19,9,64,0.140625,0.015625,9.0,0.125,0.18460348248596917,0.12256976001027689,0.00442585497034971,0.8088365238365443,0.44261671711951367,0.3972356006000641,0.25801323463354453,0.06995277141777406,2.6389731063473474,0.46875,2.953125,2.0,0.07179815057770685,0.01048641484568114,0.0004997501249375312,0.01584375,0.015627376007440883,0.0004997501249375312
10,20,10,64,0.0625,0.015625,4.0,0.046875,0.13650468833196638,0.13693332750561402,0.0011930367845918374,0.40944146579555746,0.3385470856380758,0.4067510153722654,0.2020423973061094,0.07745426489024207,1.7623908576939276,0.5,8.078125,7.0,0.07790296300339707,0.008929432599257695,0.0004997501249375312,0.015515625,0.01567534254941166,0.022488755622188907
10,21,11,64,0.03125,0.015625,2.0,0.0,0.08390648441162021,0.06738133479598023,0.0016777217093762488,0.32103813587659946,0.29850932945576936,0.3074681732331259,0.21460284504414917,0.0709318569213463,1.1829167887802654,0.546875,13.96875,14.0,0.07127721784058115,0.007831600004528344,0.06346826586706647,0.0157109375,0.01584211454415757,0.26636681659170414
10,22,12,64,0.015625,0.015625,1.0,0.0,0.06121924423674297,0.05353867917923952,0.0020727388949915784,0.19834302612014726,0.29700900630536303,0.23319516702076615,0.23578976206862007,0.06536290247170976,0.936605351380162,0.546875,15.015625,14.5,0.06511452497391111,0.0073072157890504185,0.7026486756621689,0.0152734375,0.014933531730004772,0.63968015992004
11,12,1,64,1.0,0.015625,64.0,1.0,0.9565140726143229,0.9757721860365122,0.7470785781032607,0.9978842374422798,0.9565140726143229,1.0,0.0,0.010257780249931306,93.24766658173716,0.171875,0.0,0.0,0.02522312835782087,0.015250022161951093,0.0004997501249375312,0.01575,0.01560494585997165,0.0004997501249375312
11,13,2,64,0.875,0.015625,56.0,0.8125,0.8045788074314357,0.8914425500452813,0.020691626355470782,0.9957102143474128,0.8621193514699134,0.9268006608461538,0.05754054403847755,0.02154168466846036,37.34985539963069,0.28125,0.125,0.0,0.033799277272383806,0.014921324360523373,0.0004997501249375312,0.0156875,0.015714507262216244,0.0004997501249375312
11,14,3,64,0.703125,0.015625,45.0,0.671875,0.6869122855841692,0.7505625260239757,0.022161777580012657,0.9872916854110586,0.8025373981380877,0.8502573947930141,0.1156251125539184,0.030078849634114804,22.837053076826702,0.3125,0.359375,0.0,0.04006351596920434,0.014234913656391537,0.0004997501249375312,0.0156015625,0.01560934175088885,0.0004997501249375312
11,15,4,64,0.59375,0.015625,38.0,0.578125,0.5698066466883941,0.6459907897303527,0.004831300601217848,0.9811639730025311,0.7447397549022575,0.758141132478001,0.17493310821386343,0.03856321545255516,14.77591118897839,0.390625,0.5,0.0,0.04699958405814594,0.013684895864707324,0.0004997501249375312,0.015859375,0.015697329775009754,0.0004997501249375312
11,16,5,64,0.21875,0.015625,14.0,0.171875,0.3714072232001553,0.3643978201534577,0.007819287115523703,0.9428614825965235,0.6762290170860796,0.5700595879498597,0.30482179388592423,0.04823146757375699,7.700516734892803,0.359375,1.140625,1.0,0.05351290407277335,0.01324095885365718,0.0004997501249375312,0.0158828125,0.015809377932659227,0.0004997501249375312
11,17,6,64,0.125,0.015625,8.0,0.125,0.280543860761969,0.26468046523954264,0.00036348956472134764,0.8225139074043547,0.6445260308148015,0.46936409325048617,0.3639821700528325,0.05253976187281371,5.339648501664303,0.484375,1.609375,1.0,0.056459731656092985,0.013305001820048857,0.0004997501249375312,0.016140625,0.016226321579161748,0.0004997501249375312
11,18,7,64,0.203125,0.015625,13.0,0.140625,0.27833676043239974,0.21932222567472046,0.008055319999289781,0.9142114048228824,0.5479164006901895,0.5230425287067576,0.2695796402577898,0.061230752839847316,4.545702078176404,0.359375,2.171875,1.5,0.06489989936841019,0.012276670739508218,0.0004997501249375312,0.0168125,0.015917135207744227,0.0004997501249375312
11,19,8,64,0.125,0.015625,8.0,0.109375,0.2013314675024835,0.15913412328298998,0.00710851032121382,0.8295569367711552,0.45590407777858566,0.4214721928393178,0.2545726102761021,0.07064159593262262,2.8500413226013728,0.515625,3.21875,2.0,0.07261122100396053,0.010613051541869348,0.0004997501249375312,0.015,0.015139886742815899,0.0004997501249375312
11,20,9,64,0.046875,0.015625,3.0,0.03125,0.13881044314161245,0.13297080242532494,0.002503783187097059,0.4071790909454598,0.3521216949309576,0.3980555965053696,0.21331125178934512,0.07823249611783506,1.774332279166114,0.453125,7.53125,6.5,0.07916887688530387,0.009456263536719037,0.0004997501249375312,0.0154140625,0.015568759385962737,0.07246376811594203
11,21,10,64,0.015625,0.015625,1.0,0.0,0.08989859289862054,0.08089890456773538,0.005709910253743991,0.3257786807488029,0.313339219786504,0.3121623051941571,0.22344062688788344,0.07158455665587894,1.2558378105319667,0.5625,13.109375,14.0,0.07169982053826987,0.008044612038822655,0.015992003998001,0.015359375,0.015150458707871007,0.632183908045977
11,22,11,64,0.03125,0.015625,2.0,0.015625,0.06676695141727365,0.05466505199617954,0.0016816791894988204,0.22468309408732615,0.29938226243754795,0.250605604401577,0.23261531102027436,0.06624140718973545,1.0079337720896067,0.5,15.3125,15.5,0.06599047941864376,0.007479893580465182,0.4407796101949025,0.0153203125,0.01529813619613126,0.2623688155922039
12,13,1,64,0.890625,0.015625,57.0,0.875,0.8797004052436953,0.9606177297571394,0.23670240757162817,0.9970853880665921,0.9216725914021795,0.9509762421306641,0.041972186158484304,0.015361768614751052,57.265568002304626,0.265625,0.109375,0.0,0.028766526004504585,0.015270154229369835,0.0004997501249375312,0.015265625,0.015601306134773797,0.0004997501249375312
12,14,2,64,0.75,0.015625,48.0,0.734375,0.7576284599622592,0.8775255322219158,0.0442509517220655,0.9904873619643996,0.8412332175699433,0.8906719205003362,0.08360475760768418,0.026067274024602335,29.064353228772916,0.21875,0.34375,0.0,0.03784416323861399,0.014461082528877182,0.0004997501249375312,0.0158671875,0.015458086006645135,0.0004997501249375312
12,15,3,64,0.625,0.015625,40.0,0.625,0.6165851782608271,0.7019810148149913,0.00350641627159258,0.9831989913390369,0.7742801071028791,0.7817693760131386,0.15769492884205194,0.03578369655293321,17.230896683598367,0.390625,0.484375,0.0,0.04469725540370918,0.013947371843500136,0.0004997501249375312,0.015640625,0.01567571652760096,0.0004997501249375312
12,16,4,64,0.296875,0.015625,19.0,0.234375,0.4112004216622438,0.3907847291949045,0.05762058545011592,0.9529524374821379,0.684087003965834,0.6214181374795837,0.2728865823035902,0.046560774627480706,8.831477245645921,0.421875,1.046875,1.0,0.05219042960816617,0.013570152926794775,0.0004997501249375312,0.0156875,0.015344881522659998,0.0004997501249375312
12,17,5,64,0.125,0.015625,8.0,0.09375,0.27442731349721206,0.24124140520379578,0.0005688466780390529,0.8775911331397305,0.6543566084620662,0.45013216716036214,0.37992929496485417,0.051659951151244186,5.312186856193005,0.5,1.5625,1.0,0.0548805562991857,0.01305879111076176,0.0004997501249375312,0.015109375,0.015200356184920443,0.0004997501249375312
12,18,6,64,0.21875,0.015625,14.0,0.171875,0.27623734760968444,0.19804982167768898,0.005738636905368246,0.9141656496594778,0.563094074175835,0.5004567810452865,0.2868567265661507,0.060940704953567945,4.532887301191473,0.390625,1.90625,1.0,0.06437502534664048,0.012282739696502794,0.0004997501249375312,0.01540625,0.015414920903323763,0.0004997501249375312
12,19,7,64,0.125,0.015625,8.0,0.109375,0.20951319932349732,0.17382693703344293,0.0037612711764349743,0.8427564653896886,0.4622842933933716,0.4404763534406908,0.25277109406987425,0.07068302350780738,2.964123334372578,0.46875,3.171875,2.0,0.07264024077362063,0.010880042033419706,0.0004997501249375312,0.015328125,0.01571182573233603,0.0004997501249375312
12,20,8,64,0.046875,0.015625,3.0,0.03125,0.1376605728807609,0.11570960260747132,0.00536759283174699,0.40081591566582414,0.35362966390943307,0.3947424805288299,0.21596909102867218,0.07873729277836222,1.748352883661646,0.5,7.578125,7.0,0.0798369071852869,0.009425631615043532,0.0004997501249375312,0.0156171875,0.015459982084412936,0.07746126936531735
12,21,9,64,0.0,0.015625,0.0,0.0,0.09151402782306661,0.08169974161303438,0.003372518615080488,0.31970042282338723,0.31264707840751027,0.3127557841209073,0.22113305058444366,0.0718516341963997,1.273652699017556,0.578125,12.90625,12.5,0.07230741206444594,0.008124523631762153,0.008995502248875561,0.0158984375,0.015622606041594314,1.0
12,22,10,64,0.015625,0.015625,1.0,0.015625,0.06922546521882351,0.05329514885236891,8.284715086712309e-05,0.23757089434596587,0.29728814918158153,0.2572607051284275,0.22806268396275797,0.0668825084270785,1.0350309347966444,0.40625,15.515625,16.5,0.06710985055576049,0.0077101713799928185,0.3818090954522739,0.015875,0.015501355457201325,0.6456771614192903
13,14,1,64,0.859375,0.015625,55.0,0.859375,0.829170664447956,0.9409049378380163,0.09254174225899217,0.9944363470073146,0.904499492473039,0.9111197603784708,0.07532882802508314,0.018779215290019868,44.15363749989144,0.171875,0.140625,0.0,0.03144283049580299,0.015214895672224294,0.0004997501249375312,0.01553125,0.01585362995827539,0.0004997501249375312
13,15,2,64,0.6875,0.015625,44.0,0.671875,0.7021008653220371,0.81993971108084,0.0038863810444536503,0.9841930711890929,0.8031503304149659,0.8624385877447844,0.10104946509292892,0.03116008908325806,22.532055779624436,0.296875,0.34375,0.0,0.04146261490881405,0.01455157642004188,0.0004997501249375312,0.0153984375,0.015307473942500895,0.0004997501249375312
13,16,3,64,0.34375,0.015625,22.0,0.3125,0.46016461549104387,0.445252720513085,0.026462815799792164,0.9700309037514904,0.7190355648247058,0.6477227006192613,0.25887094933366195,0.043540682715031594,10.568612773087748,0.34375,0.84375,1.0,0.05037863378456763,0.013834002105296018,0.0004997501249375312,0.0160859375,0.015773817244529798,0.0004997501249375312
13,17,4,64,0.203125,0.015625,13.0,0.1875,0.2926857577836338,0.23779285242085152,0.0012064919642346525,0.9259713062580343,0.6665377928974109,0.4570029244137136,0.37385203511377707,0.05037139804766863,5.810554583111881,0.484375,1.328125,1.0,0.05424595179890567,0.013106780801614247,0.0004997501249375312,0.0153828125,0.015323183616024737,0.0004997501249375312
13,18,5,64,0.203125,0.015625,13.0,0.140625,0.2970339516209317,0.24643713047344928,0.002964719445890521,0.9152971976892269,0.5665624673113461,0.5255646999273826,0.26952851569041436,0.06081846327569856,4.883943717460197,0.328125,1.578125,1.0,0.06460804719846636,0.01250314862890619,0.0004997501249375312,0.0158046875,0.015918238156053584,0.0004997501249375312
13,19,6,64,0.109375,0.015625,7.0,0.09375,0.21170295770303668,0.17893743843542775,0.00463344284429542,0.779030258999313,0.4580884372547879,0.45877713117309965,0.24638547955175116,0.07096381942987023,2.9832520205913022,0.46875,2.953125,2.0,0.07312376692456428,0.010715765557286525,0.0004997501249375312,0.015859375,0.015533082249877702,0.0004997501249375312
13,20,7,64,0.03125,0.015625,2.0,0.015625,0.1324649960745057,0.11273568155543678,0.003286125166961947,0.4128693858770044,0.36086604214525764,0.3753991011109272,0.22840104607075193,0.07941433865232488,1.6680236632635832,0.484375,7.375,7.0,0.08009937604486093,0.009164174049760571,0.0004997501249375312,0.0155078125,0.015156364425337646,0.2658670664667666
13,21,8,64,0.046875,0.015625,3.0,0.015625,0.0911245347745411,0.08716272963850802,0.0010419338937101275,0.31028230792355177,0.31233537508858555,0.3131551286860276,0.22121084031404453,0.07258460514378853,1.2554250945365808,0.515625,12.640625,13.0,0.07293268260818588,0.008314417357729437,0.017991004497751123,0.01625,0.01555370804396683,0.079960019990005
13,22,9,64,0.015625,0.015625,1.0,0.015625,0.07315949490755358,0.06899954454015145,0.0008020781721652433,0.2843939488956257,0.2974027610954266,0.2754631054779668,0.22424326618787305,0.0675332131299711,1.08331132959355,0.421875,15.125,14.0,0.06744715923234389,0.0077030209881324896,0.22588705647176413,0.0155390625,0.015364653106762265,0.6281859070464768
14,15,1,64,0.875,0.015625,56.0,0.875,0.8518494622235961,0.9098471389709203,0.023166921893228002,0.9829785792604979,0.8920726704355331,0.9505959321074309,0.04022320821193689,0.021665845317038506,39.3176194954961,0.25,0.125,0.0,0.03415419076713397,0.014989522606445255,0.0004997501249375312,0.0152890625,0.015683807464767278,0.0004997501249375312
14,16,2,64,0.578125,0.015625,37.0,0.5625,0.5961075456288987,0.6785265692991866,0.019049968173618502,0.984170138864434,0.7770467706747363,0.7675096529060867,0.18093922504583762,0.03754063790935444,15.878993507469398,0.34375,0.5625,0.0,0.04630856953383149,0.013980483585095868,0.0004997501249375312,0.0156796875,0.015420337256863141,0.0004997501249375312
14,17,3,64,0.234375,0.015625,15.0,0.21875,0.34011725309541774,0.2855361625255274,0.004044995101831865,0.9621796445874921,0.7193050021719485,0.49282185506363096,0.37918774907653074,0.04740337006950523,7.1749593456482215,0.46875,1.078125,1.0,0.05183355835793594,0.013602083853451732,0.0004997501249375312,0.0157578125,0.015308574942192501,0.0004997501249375312
14,18,4,64,0.21875,0.015625,14.0,0.171875,0.30616992490691464,0.2418773595067962,0.004481783163524631,0.917266466992599,0.5735728373380757,0.5232376642638502,0.26740291243116115,0.06003615016247787,5.099759462895548,0.4375,1.484375,1.0,0.06400539589611585,0.012018728644094454,0.0004997501249375312,0.01571875,0.015224866578846327,0.0004997501249375312
14,19,5,64,0.171875,0.015625,11.0,0.109375,0.22583027963087024,0.20459475460939294,0.005113939673495195,0.7112175490089324,0.45509981892089046,0.49483819047290634,0.2292695392900202,0.07118395321780001,3.172488593600614,0.421875,2.421875,2.0,0.07377761650998184,0.011093813352383115,0.0004997501249375312,0.0157890625,0.015964374598203015,0.0004997501249375312
14,20,6,64,0.0625,0.015625,4.0,0.03125,0.14404002221896517,0.13500280830190287,4.1825414039832476e-05,0.41377750206031183,0.36188768229501644,0.3997822747491876,0.21784766007605125,0.08010413779497078,1.798159573075244,0.46875,7.28125,7.0,0.0810208507239127,0.009369718258328861,0.0004997501249375312,0.015734375,0.015690917422322766,0.01999000499750125
14,21,7,64,0.0625,0.015625,4.0,0.015625,0.09628853117195131,0.07987537225885397,0.0032177050141227754,0.3200274433051687,0.3267701394776258,0.31993292536746,0.23048160830567446,0.0728218198777104,1.322248349926554,0.5,12.0,12.5,0.0732132288930333,0.008211768459942157,0.004497751124437781,0.015375,0.01522310167269695,0.020989505247376312
14,22,8,64,0.046875,0.015625,3.0,0.015625,0.07058934542826577,0.056738726417104875,0.0004859354282826349,0.3298188495591316,0.30195120898808264,0.25652877508431243,0.23136186355981686,0.06799919914735869,1.0380908350890141,0.375,14.40625,14.0,0.0679750498353765,0.007704318870628387,0.36481759120439783,0.015453125,0.015541760204832247,0.07796101949025487
15,16,1,64,0.765625,0.015625,49.0,0.734375,0.7491366562744348,0.8525587240378543,0.028189442658607525,0.9948913253737927,0.8459002138377163,0.8818027545201259,0.09676355756328142,0.028176319168189964,26.587456360168677,0.296875,0.265625,0.0,0.03980120341995648,0.015005668904674611,0.0004997501249375312,0.0159375,0.016186297677086185,0.0004997501249375312
15,17,2,64,0.296875,0.015625,19.0,0.28125,0.45079420964174044,0.43886803023980336,0.009295702189208381,0.9848665121890744,0.7468854034417278,0.6116785704990936,0.29609119379998733,0.04244898442972533,10.61967007451107,0.421875,0.890625,1.0,0.04852012464910415,0.013843013102368379,0.0004997501249375312,0.0155546875,0.015140530061398571,0.0004997501249375312
15,18,3,64,0.328125,0.015625,21.0,0.296875,0.33822437980943054,0.21856549268152597,0.0008121436945582549,0.9352876408150856,0.5992014308921345,0.5469980466668111,0.26097705108270386,0.058167244197801414,5.814688051221355,0.421875,1.21875,1.0,0.06260852660881586,0.012892089506199463,0.0004997501249375312,0.0158984375,0.015762694856707293,0.0004997501249375312
15,19,4,64,0.15625,0.015625,10.0,0.140625,0.25415369269916627,0.2138836249742435,0.0014583343114361602,0.7567488226311189,0.468877671886776,0.5295032302100933,0.21472397918760977,0.07057557931028455,3.601156309065252,0.484375,2.390625,2.0,0.07394138704695703,0.011296384992396595,0.0004997501249375312,0.016171875,0.01590601321788772,0.0004997501249375312
15,20,5,64,0.046875,0.015625,3.0,0.03125,0.14559611978049758,0.11874692146415682,0.001896760448513203,0.4955419483397805,0.37409658715310656,0.3845321646794996,0.22850046737260898,0.08007959980727493,1.818142449898591,0.46875,7.25,7.0,0.08122943246729322,0.009648962909079609,0.0004997501249375312,0.0156015625,0.015483647690192087,0.08445777111444278
15,21,6,64,0.0625,0.015625,4.0,0.03125,0.11117283170882783,0.10028981731324893,0.0010286240034954436,0.47091689435461775,0.34396283346229706,0.34943852155446964,0.2327900017534692,0.0727184541172804,1.5288118134294792,0.484375,11.578125,12.0,0.07363459942893565,0.008549569896004463,0.0004997501249375312,0.016125,0.016075575695506862,0.022988505747126436
15,22,7,64,0.046875,0.015625,3.0,0.015625,0.0703087248331294,0.04851767747806368,0.006540315426481204,0.37623445196189026,0.3077562336878431,0.24829584158741466,0.23744750885471372,0.06852821340147558,1.0259821662243347,0.4375,13.203125,13.0,0.06839517246241089,0.007847422176479704,0.3988005997001499,0.014890625,0.015580312221641673,0.07746126936531735
16,17,1,64,0.71875,0.015625,46.0,0.6875,0.6697053147124267,0.691616086336593,0.02355425325204,0.9893955122686671,0.8051146241445962,0.8304475544492596,0.13540930943216956,0.032365812367591645,20.691750514595835,0.375,0.296875,0.0,0.04173535218359409,0.013997793081816944,0.0004997501249375312,0.0149921875,0.015151657768835584,0.0004997501249375312
16,18,2,64,0.359375,0.015625,23.0,0.34375,0.4163065437166936,0.3920958583754234,0.004856681855278996,0.9403071810361622,0.6224247022143616,0.6603548658326791,0.20611815849766796,0.05401563925650681,7.7071483267976815,0.5,1.09375,1.0,0.05938923603633986,0.013097206773546678,0.0004997501249375312,0.0159140625,0.01596259964267318,0.0004997501249375312
16,19,3,64,0.25,0.015625,16.0,0.1875,0.2764151872672053,0.2385933526443791,0.0071872993352889,0.8059231838204675,0.48279686331085003,0.5593876064874879,0.2063816760436447,0.0692850791385395,3.9895341205354944,0.421875,2.28125,1.5,0.07309857264833881,0.011661335936018048,0.0004997501249375312,0.016421875,0.015880070069810334,0.0004997501249375312
16,20,4,64,0.0625,0.015625,4.0,0.046875,0.15055608513161145,0.12917599176974376,0.005955890106829734,0.5800371715264646,0.3694754960449347,0.40692173248765173,0.21891941091332323,0.08034781930524172,1.8738042479989185,0.46875,6.78125,6.0,0.08130851927520509,0.009540496218601383,0.0004997501249375312,0.01559375,0.015519088270187425,0.01699150424787606
16,21,5,64,0.078125,0.015625,5.0,0.03125,0.10859813080195764,0.09230162485203236,0.0023471339655760535,0.5568205457037146,0.3415666306568378,0.3364160654327683,0.23296849985488016,0.073359965190601,1.480345996890841,0.453125,11.0625,11.5,0.07375053688834203,0.008683161717685569,0.0009995002498750624,0.0162265625,0.015652472019181168,0.005997001499250375
16,22,6,64,0.046875,0.015625,3.0,0.015625,0.07544609111067238,0.06187492127011167,0.001787649163265082,0.4201735286929214,0.30530934659678144,0.26597317603533477,0.22986325548610909,0.06950791711423508,1.0854316204969574,0.40625,13.65625,13.5,0.06967537297403917,0.007761982390091695,0.22488755622188905,0.0163515625,0.015670563803068693,0.0879560219890055
17,18,1,64,0.640625,0.015625,41.0,0.609375,0.5710100245995715,0.5999907151772614,0.02144627776244278,0.9717359958718855,0.6948906992870717,0.8231209391252914,0.12388067468750025,0.046211668030216674,12.356403673336398,0.296875,0.5625,0.0,0.05476346689355249,0.013632998258726584,0.0004997501249375312,0.0158515625,0.015568539734375351,0.0004997501249375312
17,19,2,64,0.25,0.015625,16.0,0.25,0.317599923017895,0.2774593064086961,0.0027774567364100356,0.7973275439827732,0.5097532570736111,0.6021004389280787,0.19215333405571605,0.06736864589826663,4.714358122879633,0.359375,2.1875,1.5,0.07119763289294881,0.011867822231954985,0.0004997501249375312,0.015265625,0.015244964056169893,0.0004997501249375312
17,20,3,64,0.046875,0.015625,3.0,0.03125,0.15322902304470526,0.13615024459182434,0.0065516519366660714,0.592540713770761,0.3968443845356452,0.38729337173209166,0.24361536149093993,0.08069992666438161,1.8987504620910107,0.46875,6.328125,6.0,0.08155445682702513,0.009906940525638789,0.0004997501249375312,0.015796875,0.01516792539257536,0.07596201899050475
17,21,4,64,0.0625,0.015625,4.0,0.015625,0.09761919246222805,0.08171329257342277,0.006597297198390731,0.5999016871194652,0.35142150345117973,0.29667689299987027,0.2538023109889517,0.07427981885117144,1.314208811653403,0.515625,10.984375,10.0,0.07447844555989291,0.008768503409158286,0.0079960019990005,0.01625,0.015741033640458146,0.02048975512243878
17,22,5,64,0.046875,0.015625,3.0,0.015625,0.08622512897860027,0.07224195578512449,0.0005917468400654944,0.4846123826941461,0.31286668066171086,0.29362553609458086,0.22664155168311068,0.06966006541333199,1.2377985646005143,0.46875,13.53125,14.0,0.07002595610929098,0.007910476835250212,0.033483258370814596,0.0149609375,0.01486549659625,0.063968015992004
18,19,1,64,0.328125,0.015625,21.0,0.28125,0.3391967294259323,0.26738618818302007,0.012206052392612583,0.9449579336153304,0.5654957039809683,0.5849487547845461,0.226298974555036,0.06313972531916791,5.372160358812319,0.40625,1.375,1.0,0.0673083432410584,0.01270836305481893,0.0004997501249375312,0.0154765625,0.015725584126484882,0.0004997501249375312
18,20,2,64,0.03125,0.015625,2.0,0.03125,0.15255054262093687,0.12825168761051942,0.0011297062873641271,0.7600377144342105,0.39990528196627606,0.36284053837013575,0.24735473934533922,0.08029175562775609,1.8999527588882563,0.5,6.6875,6.0,0.08127183747251815,0.0104801697981918,0.0004997501249375312,0.015484375,0.015304515610871736,0.25537231384307846
18,21,3,64,0.03125,0.015625,2.0,0.015625,0.09243916554765806,0.07801595366786866,0.0015567344096238571,0.7015838744645501,0.3821174748784189,0.24714734249070813,0.28967830933076083,0.07350065135241876,1.2576645763917584,0.546875,11.5,10.5,0.07342012998914382,0.009097815578295428,0.026486756621689155,0.0150390625,0.015088929338355412,0.2463768115942029
18,22,4,64,0.03125,0.015625,2.0,0.015625,0.07703268292707294,0.05608895232212924,0.0003753717885249762,0.41004159785343663,0.3393174857363034,0.2465641485000315,0.2622848028092305,0.06999869246384334,1.1004874550601482,0.53125,12.515625,12.0,0.07002977189243983,0.00821027602966619,0.19090454772613694,0.0156171875,0.01556234114403374,0.27636181909045476
19,20,1,64,0.125,0.015625,8.0,0.09375,0.18675428664290605,0.1276586941424993,0.012040616116594644,0.8674978140282481,0.48504195546386253,0.39097267742913266,0.2982876688209565,0.07389484331639831,2.5272979583064172,0.546875,4.140625,4.0,0.07558036691639035,0.01127894811693997,0.0004997501249375312,0.015109375,0.015549867826740185,0.0004997501249375312
19,21,2,64,0.03125,0.015625,2.0,0.03125,0.10932082767430294,0.08279575217277921,5.262427869848294e-05,0.8144805515446241,0.39532995236039076,0.27456863742925575,0.2860091246860878,0.07325002668690853,1.4924339637659285,0.359375,9.296875,9.0,0.07371326513379023,0.009622805618856086,0.0014992503748125937,0.015953125,0.015680078947418397,0.2733633183408296
19,22,3,64,0.03125,0.015625,2.0,0.015625,0.10287210536079668,0.0888672717601526,0.0009694888678420804,0.4924703168537613,0.3572877657920676,0.29280775833005157,0.25441566043127095,0.07057658155801984,1.4575954670775209,0.53125,11.859375,12.0,0.07131865427488057,0.008495032197914915,0.0004997501249375312,0.0158515625,0.015163180038683723,0.27386306846576713
20,21,1,64,0.140625,0.015625,9.0,0.125,0.199743823035388,0.12851209544776443,0.004222769385082175,0.921977303825669,0.4400327744973192,0.4191573815400064,0.24028895146193124,0.07043922232994633,2.8356903501824933,0.421875,5.921875,5.0,0.07246593577339183,0.010263383522018846,0.0004997501249375312,0.016078125,0.015290464205909222,0.0004997501249375312
20,22,2,64,0.0625,0.015625,4.0,0.03125,0.12823122355441968,0.08133566947921837,0.0019295545458610838,0.5898982937034233,0.3802268143172778,0.3202087345503064,0.25199559076285816,0.07011882972519987,1.8287701614097949,0.453125,8.171875,8.0,0.07146241249965465,0.009516650239180467,0.0004997501249375312,0.0156640625,0.015780505488904223,0.017491254372813594
21,22,1,64,0.140625,0.015625,9.0,0.109375,0.23226412323305187,0.1858824136008296,0.010173998634834676,0.7673654718804115,0.46268594115630307,0.4901597079726244,0.2304218179232512,0.06775394885538327,3.4280529350223654,0.515625,2.96875,2.5,0.07041961936381602,0.011025468751910466,0.0004997501249375312,0.015921875,0.015851126062778758,0.0004997501249375312
