sv_index_zero_based,sv_rank,sv_label,n_layer_pairs,mean_same_rank_abs_cosine,median_same_rank_abs_cosine,min_same_rank_abs_cosine,max_same_rank_abs_cosine,exact_rank_best_match_rate,mean_same_rank_fraction_of_best,mean_best_abs_cosine,raw_sign_flip_rate,mean_abs_rank_offset,n_adjacent_pairs,adjacent_mean_same_rank_abs_cosine,adjacent_exact_rank_best_match_rate,adjacent_raw_sign_flip_rate
0,0,SV00,253,0.34614583649438346,0.29450948181603614,0.00021508959484976245,0.948445504112946,0.7509881422924901,0.8570261414792838,0.36193632816180454,0.5296442687747036,3.6600790513833994,22,0.8471788526886154,1.0,0.09090909090909091
1,1,SV01,253,0.3547878797013271,0.259396645681192,0.001007507583570775,0.9863382093701628,0.5889328063241107,0.7818597154617191,0.38825261648313397,0.34782608695652173,0.9209486166007905,22,0.8620834520349171,0.9545454545454546,0.18181818181818182
2,2,SV02,253,0.25690200689415316,0.10968089335470953,0.0007748532858497394,0.9948913253737927,0.3438735177865613,0.6284691444178256,0.38789853243837036,0.4743083003952569,2.616600790513834,22,0.8056079403589944,0.9090909090909091,0.13636363636363635
3,3,SV03,253,0.2392171934080358,0.09812444507509849,0.0009464544796215467,0.9907335551981696,0.2648221343873518,0.5378498688156368,0.42398396735193106,0.4150197628458498,3.699604743083004,22,0.7501883543574146,0.8636363636363636,0.22727272727272727
4,4,SV04,253,0.21212566005192274,0.084940798733688,9.302149935657734e-05,0.9870804331589452,0.18181818181818182,0.4326640833900227,0.4266335238532541,0.45454545454545453,2.8379446640316206,22,0.6458824374781899,0.6818181818181818,0.18181818181818182
5,5,SV05,253,0.23809483010419202,0.10164987050170275,0.0002196491843597867,0.9870891804467372,0.1857707509881423,0.47587491376346536,0.392985305796671,0.3241106719367589,2.7549407114624507,22,0.6543570775474962,0.6818181818181818,0.22727272727272727
6,6,SV06,253,0.23564863531267735,0.07845881871314707,0.0013368929678713318,0.9970853880665921,0.2450592885375494,0.49511961189333226,0.36500172845228823,0.37549407114624506,3.940711462450593,22,0.6351355552156526,0.6818181818181818,0.22727272727272727
7,7,SV07,253,0.19640460056740297,0.079917553448895,0.00041261439283767597,0.9893955122686671,0.13043478260869565,0.4145796185818258,0.39379946325088583,0.4782608695652174,3.924901185770751,22,0.5144788401058277,0.45454545454545453,0.45454545454545453
8,8,SV08,253,0.19941826878280625,0.08832358460592882,3.655174651865566e-06,0.9963969790865183,0.14624505928853754,0.4039360684654787,0.4321092958323228,0.4624505928853755,3.4822134387351777,22,0.5072551599551466,0.5,0.2727272727272727
9,9,SV09,253,0.20011079616381347,0.10282810060651246,9.307432920193249e-06,0.9943057021322322,0.17786561264822134,0.4571746368437672,0.38397953736628093,0.4782608695652174,3.1067193675889326,22,0.514761991272505,0.5,0.5
10,10,SV10,253,0.20583209439030936,0.0729497555861853,0.00010673793732629338,0.9972938879734998,0.16600790513833993,0.4116567706422691,0.42280321037816493,0.466403162055336,4.75494071146245,22,0.4948729915060431,0.4090909090909091,0.36363636363636365
11,11,SV11,253,0.23604708435596136,0.1124169743886063,0.0003392220587857194,0.987072754396845,0.20948616600790515,0.46348127945834006,0.40320622704429726,0.49407114624505927,3.964426877470356,22,0.6354967997960262,0.6818181818181818,0.5454545454545454
12,12,SV12,253,0.20055769140698193,0.09453850472487246,0.0004859354282826349,0.9921132090947634,0.1422924901185771,0.4157741310760422,0.39347971635917645,0.44664031620553357,4.924901185770751,22,0.5855118212405558,0.5909090909090909,0.5
13,13,SV13,253,0.18164740080514913,0.060807774732026434,8.284715086712309e-05,0.9969506365855507,0.16205533596837945,0.3907511721297165,0.416760098601252,0.4189723320158103,4.5019762845849804,22,0.5606670301069389,0.5909090909090909,0.2727272727272727
14,14,SV14,253,0.20672598424365457,0.10399563870964443,0.0011439686992359643,0.9909045954543121,0.18181818181818182,0.4273830751685775,0.39638163880516436,0.5296442687747036,5.106719367588933,22,0.6116231393158519,0.6363636363636364,0.5
15,15,SV15,253,0.17107787815073558,0.07441925138016374,0.00044311524532114285,0.9953877940734166,0.13043478260869565,0.32391017862298715,0.41497368724886946,0.42292490118577075,6.130434782608695,22,0.5419316706477558,0.5454545454545454,0.2727272727272727
16,16,SV16,253,0.17065999768446172,0.05200831064886008,0.0006515645366210498,0.9912046145895337,0.11462450592885376,0.33351714149712713,0.40756610381645153,0.4782608695652174,5.478260869565218,22,0.5457898773532404,0.5,0.36363636363636365
17,17,SV17,253,0.1908744141552567,0.0828853897388663,2.8771541356656144e-05,0.9978838690602733,0.14624505928853754,0.39930691205626206,0.4250457346397551,0.33992094861660077,6.996047430830039,22,0.5330953362493505,0.5454545454545454,0.2727272727272727
18,18,SV18,253,0.2345327220170888,0.07238060090094979,0.0005072567208322728,0.9958801290956577,0.22924901185770752,0.44542958705685165,0.4242516636822535,0.43478260869565216,7.16205533596838,22,0.5461611303978674,0.5454545454545454,0.2727272727272727
19,19,SV19,253,0.16685488373470694,0.05587635994213844,5.089279679853327e-05,0.9917555420625827,0.1225296442687747,0.32630288931624474,0.3721263242895178,0.5138339920948617,7.5810276679841895,22,0.5559332100225496,0.5454545454545454,0.4090909090909091
20,20,SV20,253,0.19962184589086662,0.07637172558182112,3.908380474742807e-06,0.9973039098487553,0.1383399209486166,0.3798113323762754,0.40822701685425394,0.525691699604743,6.857707509881423,22,0.5251625599088525,0.5,0.4090909090909091
21,21,SV21,253,0.21189320236990705,0.07717335574552828,0.0001059601256049893,0.9978842374422798,0.13438735177865613,0.3867011512954416,0.4134239581208886,0.42292490118577075,8.735177865612648,22,0.5150869564659696,0.5,0.13636363636363635
22,22,SV22,253,0.21286195025845497,0.0668219571852283,2.9217126476903388e-06,0.9935786257246898,0.17786561264822134,0.41168464255042675,0.38391677561012494,0.36363636363636365,9.162055335968379,22,0.549874143297066,0.5454545454545454,0.36363636363636365
23,23,SV23,253,0.1647701721516451,0.07437842604672998,5.430890006919917e-05,0.9936987143318404,0.11462450592885376,0.33921771354040753,0.3842971481730178,0.43873517786561267,8.782608695652174,22,0.49750177259737377,0.5,0.13636363636363635
24,24,SV24,253,0.155852879699698,0.059412601414965696,0.00027821934211966735,0.984961015091591,0.1067193675889328,0.31525838657423666,0.3931840740312027,0.43478260869565216,10.08695652173913,22,0.5166863949599518,0.5454545454545454,0.36363636363636365
25,25,SV25,253,0.1539584700640861,0.061260042736613084,0.0002782979500316552,0.9608306157717044,0.11067193675889328,0.3317715743696525,0.36335134089203347,0.5454545454545454,10.82213438735178,22,0.488113075111367,0.45454545454545453,0.5909090909090909
26,26,SV26,253,0.15732085003594212,0.07863870621233379,0.0001519169834321996,0.9795740769503252,0.09090909090909091,0.3431213320409617,0.364280266702887,0.549407114624506,11.023715415019764,22,0.4914427033007944,0.45454545454545453,0.5
27,27,SV27,253,0.14865345745594993,0.06641535819709303,0.00036112086464538777,0.9740486159364474,0.08695652173913043,0.3082705196143555,0.3702007966571682,0.43873517786561267,11.205533596837945,22,0.49529521674415694,0.5,0.5
28,28,SV28,253,0.13995033754255112,0.049205782525564755,0.0001644181752283012,0.986627312595473,0.08300395256916997,0.30940291499731803,0.3491180088371543,0.47035573122529645,11.027667984189723,22,0.4168358128689423,0.36363636363636365,0.22727272727272727
29,29,SV29,253,0.134247357515185,0.053502924236093555,4.258776188749685e-05,0.9570103187140807,0.07905138339920949,0.3041816080489614,0.37627049019888764,0.5889328063241107,11.272727272727273,22,0.3469638600595731,0.22727272727272727,0.5909090909090909
30,30,SV30,253,0.13175816788809297,0.060008261962140895,3.944953696523659e-05,0.9773188808421217,0.06324110671936758,0.29039426364119264,0.3807948256692241,0.525691699604743,12.268774703557312,22,0.42368010707052317,0.3181818181818182,0.5454545454545454
31,31,SV31,253,0.13197797880055323,0.060684112047746916,0.00047036783108989153,0.9637986650794492,0.07905138339920949,0.3034259080250956,0.36415061708797625,0.39920948616600793,12.826086956521738,22,0.4098788668729539,0.4090909090909091,0.22727272727272727
32,32,SV32,253,0.1199467411136952,0.062143405372350906,0.00027946006729815537,0.9679740192714062,0.04743083003952569,0.30451168464447986,0.35482173602364425,0.4782608695652174,12.486166007905139,22,0.38666922641932183,0.36363636363636365,0.5
33,33,SV33,253,0.12461154581476572,0.06381553694123113,0.00041109566303486507,0.9891206439474144,0.06719367588932806,0.280601768757837,0.366907766175192,0.4743083003952569,13.553359683794467,22,0.36741530485390644,0.3181818181818182,0.5
34,34,SV34,253,0.126256046739962,0.059792454401939255,0.00012993070897393782,0.9882752795717356,0.05928853754940711,0.28889577052734167,0.3758239954605853,0.5138339920948617,14.233201581027668,22,0.3743431345182266,0.36363636363636365,0.36363636363636365
35,35,SV35,253,0.1279775522543495,0.05872597328489788,0.0001968409325592141,0.9809782044115258,0.039525691699604744,0.31419201065631913,0.360677787020774,0.4505928853754941,13.695652173913043,22,0.3760881576404859,0.22727272727272727,0.4090909090909091
36,36,SV36,253,0.1590488181842733,0.05394739999880524,0.0005033232101022012,0.9909807998740954,0.08695652173913043,0.3381427882757532,0.3510588066483194,0.4743083003952569,14.529644268774703,22,0.4416592806467396,0.4090909090909091,0.3181818181818182
37,37,SV37,253,0.15658434704739926,0.05617647024448121,0.00016414963765467618,0.9904842017046133,0.1067193675889328,0.33623460092055574,0.3586135668880883,0.466403162055336,14.264822134387352,22,0.42611838616220593,0.3181818181818182,0.3181818181818182
38,38,SV38,253,0.16058454295004804,0.0562739829368871,0.00017564636890228134,0.9955704622154389,0.09881422924901186,0.31285885320554335,0.37972997815218884,0.44664031620553357,15.652173913043478,22,0.42665677574849387,0.4090909090909091,0.4090909090909091
39,39,SV39,253,0.16771014924861982,0.055833178252373966,9.149760375037463e-05,0.9909801693803368,0.13043478260869565,0.32679589078897203,0.3728413197942078,0.5454545454545454,15.225296442687746,22,0.4582151008103018,0.4090909090909091,0.4090909090909091
40,40,SV40,253,0.1544315828754207,0.04209628580392837,4.1825414039832476e-05,0.9929171512932282,0.1225296442687747,0.29292795111447295,0.37568112087583866,0.4308300395256917,15.743083003952568,22,0.4488194905444185,0.4090909090909091,0.4090909090909091
41,41,SV41,253,0.13528176947726242,0.05084739418030646,0.0006054874536990927,0.986696683687423,0.07114624505928854,0.2801748839489344,0.35382661656072223,0.4150197628458498,16.49407114624506,22,0.41723339901844003,0.36363636363636365,0.3181818181818182
42,42,SV42,253,0.14659360513529712,0.05198690750327612,0.00015531845932914567,0.9775278055141512,0.09090909090909091,0.3319127139804326,0.3381562305424662,0.5098814229249012,16.885375494071145,22,0.44495536628255317,0.36363636363636365,0.5454545454545454
43,43,SV43,253,0.14799318083489457,0.04983525654788017,0.00021577647580280426,0.9759747089675155,0.1225296442687747,0.30463888950785384,0.35233637951258895,0.45454545454545453,16.675889328063242,22,0.4396163397679049,0.5454545454545454,0.3181818181818182
44,44,SV44,253,0.15894598154895442,0.05149675307550067,0.00019668708117592283,0.9774957561365769,0.1225296442687747,0.36277148505102563,0.32107968046017593,0.49407114624505927,17.952569169960473,22,0.4268846994206808,0.4090909090909091,0.5
45,45,SV45,253,0.11517171247836226,0.040150937331625294,2.381165250513878e-06,0.9544373639028766,0.07905138339920949,0.26026774323005614,0.3404225244430064,0.4743083003952569,18.42687747035573,22,0.3799827484015813,0.36363636363636365,0.3181818181818182
46,46,SV46,253,0.12211234251501685,0.053181818140201724,0.0004940663643256175,0.9674573380726306,0.05138339920948617,0.27270387398620305,0.34115116422664415,0.47035573122529645,19.047430830039527,22,0.40050175345788686,0.36363636363636365,0.4090909090909091
47,47,SV47,253,0.11838590311657748,0.04878217027545894,0.00031150017062185273,0.963748840525121,0.05533596837944664,0.27751494090445605,0.3444253376044914,0.4782608695652174,18.14624505928854,22,0.3643523917713626,0.2727272727272727,0.2727272727272727
48,48,SV48,253,0.13327992796673835,0.048926283573204346,0.0001791579992642886,0.9641742694319511,0.08300395256916997,0.31207719280887214,0.3215715779507488,0.4505928853754941,18.40316205533597,22,0.37738321383685586,0.36363636363636365,0.36363636363636365
49,49,SV49,253,0.11688411184959105,0.044814375534315054,0.0003488671054237462,0.9815198154082937,0.05138339920948617,0.28321534737965376,0.3276075647017019,0.5454545454545454,18.695652173913043,22,0.3479383372768497,0.2727272727272727,0.45454545454545453
50,50,SV50,253,0.1363326468024994,0.05211041081545171,6.102442261882168e-05,0.965718473230494,0.09881422924901186,0.2956363258027522,0.34556688918221395,0.4980237154150198,20.865612648221344,22,0.4370192610265905,0.45454545454545453,0.5454545454545454
51,51,SV51,253,0.11971628493851409,0.03887359912531383,0.0006342959124174012,0.9319876660542026,0.08695652173913043,0.2942790060138832,0.30788348957560274,0.4901185770750988,19.292490118577074,22,0.40769263081771273,0.45454545454545453,0.5454545454545454
52,52,SV52,253,0.11556304176634206,0.05643550709309926,0.0006749437183267669,0.9727846635701429,0.05138339920948617,0.2824170042531407,0.32841166215620476,0.5296442687747036,19.454545454545453,22,0.33244908231750603,0.3181818181818182,0.5454545454545454
53,53,SV53,253,0.10120160389194473,0.047143080870459056,0.0019295545458610838,0.9674530567160278,0.043478260869565216,0.26246136639618317,0.3207537621161936,0.43478260869565216,21.545454545454547,22,0.3454131037134939,0.36363636363636365,0.36363636363636365
54,54,SV54,253,0.12374381049866189,0.04142995393292313,5.2405346512626044e-06,0.9620703803727186,0.09090909090909091,0.28380679786193186,0.33413236373975985,0.5454545454545454,21.31225296442688,22,0.35567893022196284,0.3181818181818182,0.4090909090909091
55,55,SV55,253,0.1053178125436218,0.03880439825261456,0.00033595435348716864,0.9662011360350552,0.05533596837944664,0.2539480877400267,0.3254697213137613,0.4624505928853755,21.40711462450593,22,0.3866838875744369,0.3181818181818182,0.45454545454545453
56,56,SV56,253,0.1392567069530278,0.051813221813591825,0.00026030331378168025,0.9865979514006843,0.07509881422924901,0.299717857070914,0.3379069984576416,0.4980237154150198,22.197628458498023,22,0.42461334033577547,0.4090909090909091,0.2727272727272727
57,57,SV57,253,0.12948775555219885,0.04173024233807883,0.00040410281447790346,0.9733155514179749,0.07905138339920949,0.3054989013921232,0.30700178351349877,0.5098814229249012,21.41501976284585,22,0.4622378775472277,0.5454545454545454,0.6363636363636364
58,58,SV58,253,0.10159184418703203,0.03892391521192667,0.000271291552790676,0.9612864464353648,0.05928853754940711,0.25773598594103003,0.3146845568665864,0.4426877470355731,22.25296442687747,22,0.30042778467199543,0.22727272727272727,0.36363636363636365
59,59,SV59,253,0.1285798404574947,0.046372801849781015,0.00031805259374037553,0.9429947512953215,0.07509881422924901,0.3073679183229315,0.3197678700496629,0.4743083003952569,22.063241106719367,22,0.36464337514881834,0.22727272727272727,0.5
60,60,SV60,253,0.10429807388603198,0.05020030237454559,0.0003341340166924658,0.9067504669620423,0.04743083003952569,0.28724513600784285,0.29442691903209456,0.549407114624506,23.49802371541502,22,0.3337905426837646,0.3181818181818182,0.4090909090909091
61,61,SV61,253,0.10566030760290619,0.04146133633841723,0.00011694113617463468,0.8964792174410287,0.06324110671936758,0.26786556668298617,0.2999288920519826,0.45454545454545453,22.845849802371543,22,0.31729153982824476,0.2727272727272727,0.5454545454545454
62,62,SV62,253,0.11630271442743695,0.049267109514277374,4.873927030215252e-05,0.9160962002759472,0.06719367588932806,0.2948991592600238,0.3112931252263784,0.4901185770750988,23.272727272727273,22,0.3986401063510399,0.45454545454545453,0.36363636363636365
63,63,SV63,253,0.10547353398598473,0.039018878245518654,0.00020667204820854943,0.9313478963114227,0.07509881422924901,0.27377223459621375,0.2899602664167756,0.48616600790513836,23.3399209486166,22,0.3957119169880943,0.4090909090909091,0.2727272727272727
