layer,sv_rank,next_layer,next_sv_rank,u_cos,v_cos,joint_cos
0,1,1,1,0.9970046877861023,0.6518290042877197,0.8061492443084717
0,2,1,2,0.9879657626152039,0.7268986701965332,0.847437858581543
0,3,1,4,0.636275053024292,0.27612078189849854,0.4191524386405945
0,4,1,3,0.941579282283783,0.6444252729415894,0.7789592146873474
0,5,1,4,0.6477928161621094,0.4386124312877655,0.5330384373664856
0,6,1,5,0.4574311673641205,0.3638864755630493,0.4079865515232086
0,7,1,5,0.5872085690498352,0.5098843574523926,0.5471823215484619
0,8,1,5,0.5312593579292297,0.4604188799858093,0.49457240104675293
0,9,1,9,0.7122905254364014,0.5045924782752991,0.5995135307312012
0,10,1,10,0.6615902185440063,0.45086318254470825,0.5461562871932983
0,11,1,13,0.4841762185096741,0.3147713243961334,0.390390545129776
0,12,1,8,0.4644116759300232,0.4013264775276184,0.4317183196544647
0,13,1,8,0.33241093158721924,0.32103461027145386,0.3266732394695282
0,14,1,12,0.5251607298851013,0.37055379152297974,0.4411352276802063
0,15,1,11,0.4351983368396759,0.34807538986206055,0.3892066776752472
0,16,1,13,0.4265410602092743,0.3498026728630066,0.3862709105014801
0,17,1,16,0.4152677655220032,0.335781455039978,0.37341558933258057
0,18,1,15,0.3831818401813507,0.30151987075805664,0.3399072587490082
0,19,1,14,0.491632342338562,0.3942716121673584,0.440268874168396
0,20,1,18,0.396615594625473,0.29541102051734924,0.3422931730747223
0,21,1,17,0.462496280670166,0.3588019609451294,0.4073629677295685
0,22,1,16,0.32385092973709106,0.2643495798110962,0.2925916314125061
0,23,1,32,0.43204572796821594,0.22844283282756805,0.3141619861125946
0,24,1,23,0.4382427930831909,0.3189958333969116,0.37389519810676575
0,25,1,21,0.5308381915092468,0.41097450256347656,0.4670770466327667
0,26,1,22,0.5041319131851196,0.4068404734134674,0.4528810679912567
0,27,1,26,0.489612877368927,0.3469166159629822,0.4121344983577728
0,28,1,28,0.3798676133155823,0.26876625418663025,0.31952401995658875
0,29,1,27,0.42502301931381226,0.3003256022930145,0.3572748303413391
0,30,1,24,0.4282986521720886,0.30290472507476807,0.3601856231689453
0,31,1,29,0.36692631244659424,0.23352950811386108,0.2927253246307373
0,32,1,25,0.3848034739494324,0.34095650911331177,0.36221712827682495
1,1,2,1,0.9998573064804077,0.8540610671043396,0.9240882992744446
1,2,2,2,0.9943833351135254,0.8426063060760498,0.9153544306755066
1,3,2,3,0.9771232604980469,0.8128564953804016,0.8912131786346436
1,4,2,4,0.8647584319114685,0.6998786926269531,0.7779626846313477
1,5,2,5,0.9215743541717529,0.8379409313201904,0.8787632584571838
1,6,2,7,0.6046355962753296,0.5044809579849243,0.5522926449775696
1,7,2,6,0.614555835723877,0.5433992147445679,0.5778833627700806
1,8,2,7,0.6550665497779846,0.560192346572876,0.6057749390602112
1,9,2,8,0.9458212852478027,0.8254674673080444,0.8835975527763367
1,10,2,10,0.7698532342910767,0.6692005395889282,0.7177647352218628
1,11,2,9,0.8310834169387817,0.7267623543739319,0.7771744728088379
1,12,2,11,0.5826656222343445,0.5013843774795532,0.5404992699623108
1,13,2,12,0.5652505159378052,0.4518873691558838,0.5054004192352295
1,14,2,12,0.6322137117385864,0.5638689398765564,0.597064197063446
1,15,2,13,0.6725755929946899,0.5880266427993774,0.6288818717002869
1,16,2,14,0.6434697508811951,0.5761393904685974,0.6088746190071106
1,17,2,16,0.57517409324646,0.4919701814651489,0.5319478511810303
1,18,2,18,0.562481164932251,0.4671432375907898,0.5126004815101624
1,19,2,18,0.4748937487602234,0.39926451444625854,0.4354402422904968
1,20,2,20,0.6796308755874634,0.5729892253875732,0.6240361928939819
1,21,2,21,0.8773179054260254,0.733204185962677,0.802030622959137
1,22,2,22,0.692284882068634,0.5486165285110474,0.6162782907485962
1,23,2,26,0.6252888441085815,0.49247539043426514,0.554922878742218
1,24,2,23,0.5714026689529419,0.47611624002456665,0.5215880274772644
1,25,2,23,0.5258044600486755,0.4545600414276123,0.48888617753982544
1,26,2,24,0.6206883788108826,0.541461706161499,0.5797232389450073
1,27,2,27,0.4987373352050781,0.43834835290908813,0.46756890416145325
1,28,2,30,0.48011329770088196,0.4067787826061249,0.4419274926185608
1,29,2,28,0.584132194519043,0.48069727420806885,0.5298969149589539
1,30,2,27,0.530222475528717,0.49701207876205444,0.5133487582206726
1,31,2,30,0.4390135705471039,0.39632493257522583,0.4171234965324402
1,32,2,30,0.3282884359359741,0.2859368324279785,0.3063817024230957
2,1,3,1,0.9996185898780823,0.787635862827301,0.8873192667961121
2,2,3,2,0.9953752756118774,0.7340472936630249,0.8547821640968323
2,3,3,3,0.9813569784164429,0.7595309019088745,0.863348662853241
2,4,3,4,0.7661706209182739,0.5436939597129822,0.6454164385795593
2,5,3,6,0.597322940826416,0.4973598122596741,0.5450544953346252
2,6,3,11,0.6090058088302612,0.5013635158538818,0.5525696873664856
2,7,3,7,0.639310896396637,0.5143648386001587,0.5734449028968811
2,8,3,10,0.5680246353149414,0.48555678129196167,0.5251744389533997
2,9,3,10,0.5665917992591858,0.45564529299736023,0.5080992579460144
2,10,3,8,0.5207332372665405,0.4133211672306061,0.4639289379119873
2,11,3,13,0.5676374435424805,0.5007050633430481,0.5331218838691711
2,12,3,9,0.46279868483543396,0.34601420164108276,0.40016859769821167
2,13,3,14,0.41374605894088745,0.3319541811943054,0.37060049176216125
2,14,3,12,0.5950311422348022,0.46016424894332886,0.5232705473899841
2,15,3,15,0.5510461926460266,0.4115501046180725,0.47621750831604004
2,16,3,16,0.42445486783981323,0.3346787393093109,0.3769032061100006
2,17,3,14,0.5961625576019287,0.49721580743789673,0.5444459915161133
2,18,3,18,0.4427885413169861,0.33889514207839966,0.3873743414878845
2,19,3,19,0.3767625093460083,0.26144129037857056,0.3138491213321686
2,20,3,24,0.49885034561157227,0.4338091015815735,0.4651944041252136
2,21,3,26,0.4631863534450531,0.3601856827735901,0.4084520637989044
2,22,3,25,0.3688850998878479,0.28109854459762573,0.32201409339904785
2,23,3,20,0.5891401767730713,0.4132421314716339,0.49341416358947754
2,24,3,22,0.3812299370765686,0.29975175857543945,0.3380448818206787
2,25,3,17,0.35596805810928345,0.31846144795417786,0.3366928994655609
2,26,3,24,0.415143221616745,0.3245314061641693,0.36705178022384644
2,27,3,19,0.3851240277290344,0.311253160238266,0.34622400999069214
2,28,3,22,0.2275320440530777,0.24076415598392487,0.23405461013317108
2,29,3,28,0.3391799330711365,0.2742159962654114,0.3049730658531189
2,30,3,28,0.4280114769935608,0.35700175166130066,0.3908974826335907
2,31,3,17,0.2577507197856903,0.27635765075683594,0.26689207553863525
2,32,3,31,0.27836811542510986,0.2359587550163269,0.25628772377967834
3,1,4,1,0.9997799396514893,0.8422045111656189,0.917616069316864
3,2,4,2,0.9923597574234009,0.8514120578765869,0.9191882610321045
3,3,4,3,0.9659162759780884,0.7876874804496765,0.8722615242004395
3,4,4,4,0.5814613103866577,0.45507025718688965,0.514398455619812
3,5,4,5,0.780609130859375,0.7074894309043884,0.743150532245636
3,6,4,6,0.6742576360702515,0.5754445791244507,0.6228947639465332
3,7,4,7,0.875788688659668,0.7919736504554749,0.8328274488449097
3,8,4,8,0.6669016480445862,0.606452226638794,0.6359590888023376
3,9,4,9,0.7212458848953247,0.6232814788818359,0.6704768538475037
3,10,4,9,0.6547343730926514,0.5895856618881226,0.6213067173957825
3,11,4,10,0.9328224062919617,0.8410478830337524,0.8857473134994507
3,12,4,12,0.8602081537246704,0.7881922721862793,0.8234132528305054
3,13,4,13,0.7711605429649353,0.7028504610061646,0.7362136840820312
3,14,4,15,0.6691346764564514,0.5887838006019592,0.6276748180389404
3,15,4,16,0.7655044794082642,0.6653969883918762,0.7136976718902588
3,16,4,14,0.7857454419136047,0.7467024326324463,0.7659752368927002
3,17,4,16,0.48281505703926086,0.4517783522605896,0.46703895926475525
3,18,4,15,0.5397344827651978,0.5265717506408691,0.5331124663352966
3,19,4,21,0.6093604564666748,0.5315127372741699,0.5691070556640625
3,20,4,18,0.3515043258666992,0.33652547001838684,0.3439333736896515
3,21,4,19,0.5920741558074951,0.532367467880249,0.561427652835846
3,22,4,18,0.49592408537864685,0.4626277685165405,0.4789866805076599
3,23,4,27,0.3609349727630615,0.3158729672431946,0.3376530706882477
3,24,4,25,0.4859175384044647,0.44528111815452576,0.46515578031539917
3,25,4,22,0.4206518530845642,0.39709293842315674,0.40870267152786255
3,26,4,24,0.5662587881088257,0.5238183736801147,0.5446253418922424
3,27,4,24,0.5250613689422607,0.49804186820983887,0.5113731622695923
3,28,4,22,0.4991445541381836,0.5030133724212646,0.501075267791748
3,29,4,23,0.6237930655479431,0.5995607376098633,0.611556887626648
3,30,4,29,0.5167652368545532,0.48169445991516113,0.49892178177833557
3,31,4,32,0.41493767499923706,0.3835943937301636,0.39895835518836975
3,32,4,30,0.5659642219543457,0.5052538514137268,0.5347481966018677
4,1,5,1,0.9986776113510132,0.7647071480751038,0.8738969564437866
4,2,5,2,0.9953094124794006,0.8453341126441956,0.9172616600990295
4,3,5,3,0.9561017751693726,0.7569830417633057,0.850736677646637
4,4,5,5,0.7078714370727539,0.5534670948982239,0.62592613697052
4,5,5,4,0.7452417612075806,0.6096519231796265,0.6740460395812988
4,6,5,6,0.6864354610443115,0.5603708028793335,0.6202083230018616
4,7,5,7,0.9068235158920288,0.8236838579177856,0.8642545342445374
4,8,5,8,0.5867984890937805,0.5026803016662598,0.5431132912635803
4,9,5,10,0.7036382555961609,0.6016209721565247,0.6506331562995911
4,10,5,8,0.4709392786026001,0.42739853262901306,0.44864100217819214
4,11,5,9,0.4915774464607239,0.43554332852363586,0.46271294355392456
4,12,5,11,0.5727971792221069,0.5042626261711121,0.5374385714530945
4,13,5,15,0.5093032717704773,0.4500052034854889,0.4787370264530182
4,14,5,13,0.6098174452781677,0.555487871170044,0.5820190906524658
4,15,5,14,0.5056377649307251,0.46381428837776184,0.4842747449874878
4,16,5,16,0.47717875242233276,0.4348594546318054,0.4555279314517975
4,17,5,19,0.6106874346733093,0.5106782913208008,0.5584486126899719
4,18,5,17,0.6517500877380371,0.5809402465820312,0.6153274178504944
4,19,5,20,0.6878376603126526,0.6039272546768188,0.6445183753967285
4,20,5,23,0.4642306864261627,0.38983410596847534,0.4254091680049896
4,21,5,22,0.456789493560791,0.3874051570892334,0.42066922783851624
4,22,5,18,0.45980504155158997,0.41994741559028625,0.4394245445728302
4,23,5,23,0.49275338649749756,0.44063180685043335,0.4659643769264221
4,24,5,23,0.3695499897003174,0.3594212234020233,0.3644504249095917
4,25,5,25,0.5033518671989441,0.42638686299324036,0.4632737934589386
4,26,5,26,0.4158860445022583,0.37401604652404785,0.3943957984447479
4,27,5,27,0.47371137142181396,0.42347174882888794,0.44788768887519836
4,28,5,28,0.5190380215644836,0.47103995084762573,0.4944569170475006
4,29,5,26,0.4983164072036743,0.4534316062927246,0.4753445088863373
4,30,5,32,0.4614047408103943,0.4194168448448181,0.4399101138114929
4,31,5,24,0.5173017978668213,0.48916029930114746,0.5030342936515808
4,32,5,31,0.3606792092323303,0.35194718837738037,0.3562864363193512
5,1,6,1,0.9988856315612793,0.896432638168335,0.9462735652923584
5,2,6,2,0.9964160919189453,0.9100249409675598,0.9522413015365601
5,3,6,3,0.9813369512557983,0.8769696950912476,0.9276868104934692
5,4,6,4,0.8971088528633118,0.8443750143051147,0.8703426122665405
5,5,6,5,0.8795803785324097,0.7645163536071777,0.8200326561927795
5,6,6,6,0.9531677961349487,0.868332028388977,0.9097615480422974
5,7,6,7,0.9381486773490906,0.8751543164253235,0.9061042070388794
5,8,6,10,0.5709367990493774,0.49779218435287476,0.5331115126609802
5,9,6,8,0.7959911823272705,0.7899326086044312,0.7929561138153076
5,10,6,9,0.9120524525642395,0.8754662275314331,0.8935720920562744
5,11,6,11,0.7452225685119629,0.7018066644668579,0.7231888771057129
5,12,6,12,0.8810372948646545,0.8513305187225342,0.8660565614700317
5,13,6,13,0.750420331954956,0.7171453237533569,0.7335941791534424
5,14,6,14,0.7758889198303223,0.7581521272659302,0.7669692635536194
5,15,6,15,0.8885764479637146,0.8364237546920776,0.8621058464050293
5,16,6,16,0.9092957973480225,0.8676601648330688,0.8882340788841248
5,17,6,17,0.921705424785614,0.8795375823974609,0.9003746509552002
5,18,6,19,0.6646852493286133,0.6175437569618225,0.6406810283660889
5,19,6,18,0.8489086627960205,0.8079109787940979,0.8281561732292175
5,20,6,20,0.8017715215682983,0.7614219784736633,0.7813363075256348
5,21,6,22,0.5286925435066223,0.5138534307479858,0.5212202072143555
5,22,6,21,0.9186413288116455,0.8907464742660522,0.9045863747596741
5,23,6,23,0.6039894223213196,0.5821784138679504,0.5929836630821228
5,24,6,24,0.4383557438850403,0.42843005061149597,0.43336448073387146
5,25,6,23,0.41928669810295105,0.4149520695209503,0.4171137511730194
5,26,6,26,0.465829461812973,0.4528777003288269,0.4593079388141632
5,27,6,25,0.5772026777267456,0.580725908279419,0.5789616107940674
5,28,6,28,0.5660783648490906,0.5460073947906494,0.5559523105621338
5,29,6,27,0.4015335440635681,0.39188438653945923,0.3966796398162842
5,30,6,31,0.37877514958381653,0.35420286655426025,0.36628299951553345
5,31,6,29,0.44099217653274536,0.4247148036956787,0.43277695775032043
5,32,6,29,0.5090725421905518,0.5090328454971313,0.5090526938438416
6,1,7,1,0.9945055246353149,0.8142104148864746,0.8998537063598633
6,2,7,2,0.9906743168830872,0.8594268560409546,0.9227199554443359
6,3,7,3,0.9167578816413879,0.80182945728302,0.8573700785636902
6,4,7,4,0.9039766788482666,0.8519314527511597,0.8775683045387268
6,5,7,5,0.6705508232116699,0.6172556281089783,0.6433516144752502
6,6,7,7,0.6964876055717468,0.6325292587280273,0.663738489151001
6,7,7,8,0.7554241418838501,0.6944334506988525,0.7242870926856995
6,8,7,6,0.946298360824585,0.9312855005264282,0.9387618899345398
6,9,7,9,0.6735355854034424,0.6293759346008301,0.6510815024375916
6,10,7,10,0.40947195887565613,0.3883562386035919,0.3987743556499481
6,11,7,10,0.5425708889961243,0.5292578935623169,0.5358730554580688
6,12,7,12,0.8029529452323914,0.766535758972168,0.7845330834388733
6,13,7,11,0.6546483635902405,0.6387594938278198,0.6466551423072815
6,14,7,13,0.7452964186668396,0.7105091214179993,0.7276949286460876
6,15,7,15,0.6944755911827087,0.6432493925094604,0.6683719158172607
6,16,7,16,0.6263234615325928,0.580783486366272,0.6031237840652466
6,17,7,18,0.6464554667472839,0.6040381789207458,0.6248870491981506
6,18,7,17,0.8446406722068787,0.8082606792449951,0.8262504935264587
6,19,7,19,0.6035290956497192,0.5616751909255981,0.5822261571884155
6,20,7,20,0.5827202796936035,0.5634133219718933,0.5729854702949524
6,21,7,21,0.7794063687324524,0.7566319108009338,0.7679346799850464
6,22,7,24,0.46854737401008606,0.4416956305503845,0.4549234211444855
6,23,7,23,0.5259164571762085,0.504682183265686,0.5151899456977844
6,24,7,25,0.5192445516586304,0.489035964012146,0.503913938999176
6,25,7,22,0.7091559171676636,0.7070199251174927,0.7080870866775513
6,26,7,24,0.5151728391647339,0.514019250869751,0.5145956873893738
6,27,7,26,0.6646994352340698,0.642327070236206,0.6534175276756287
6,28,7,28,0.6554850935935974,0.6388939619064331,0.647136390209198
6,29,7,27,0.5298095345497131,0.520942211151123,0.5253571271896362
6,30,7,29,0.6513327956199646,0.635090708732605,0.6431604623794556
6,31,7,30,0.6103138327598572,0.6274770498275757,0.6188359260559082
6,32,7,29,0.41480743885040283,0.40574681758880615,0.4102521240711212
7,1,8,1,0.9986687898635864,0.8639031648635864,0.9288450479507446
7,2,8,2,0.9970874190330505,0.8537819385528564,0.9226565957069397
7,3,8,3,0.9751994609832764,0.923432469367981,0.9489630460739136
7,4,8,4,0.9527331590652466,0.9019813537597656,0.9270099997520447
7,5,8,5,0.9204047918319702,0.8930028080940247,0.906600296497345
7,6,8,6,0.9291408061981201,0.9050015211105347,0.9169917106628418
7,7,8,8,0.689453125,0.6304998397827148,0.6593179106712341
7,8,8,9,0.8154941201210022,0.768194854259491,0.7914912700653076
7,9,8,7,0.6075436472892761,0.6064009666442871,0.6069720387458801
7,10,8,11,0.6206444501876831,0.5879577398300171,0.604080080986023
7,11,8,10,0.6948508024215698,0.6847431659698486,0.6897784471511841
7,12,8,12,0.9274120926856995,0.8856490254402161,0.9062899947166443
7,13,8,13,0.950618326663971,0.8959659934043884,0.9228876829147339
7,14,8,14,0.8883680105209351,0.8477818369865417,0.86783766746521
7,15,8,15,0.8356619477272034,0.8053273558616638,0.8203544616699219
7,16,8,16,0.6445956230163574,0.614874005317688,0.6295594573020935
7,17,8,17,0.8548280000686646,0.8264052271842957,0.8404964804649353
7,18,8,18,0.7799743413925171,0.7467389106750488,0.7631757259368896
7,19,8,19,0.8658835887908936,0.8387372493743896,0.852202296257019
7,20,8,20,0.8891128897666931,0.8789747357368469,0.8840292692184448
7,21,8,21,0.7803066968917847,0.7677720785140991,0.7740139961242676
7,22,8,22,0.9022987484931946,0.8928021788597107,0.897537887096405
7,23,8,23,0.7568041086196899,0.7408231496810913,0.7487709522247314
7,24,8,24,0.8757970333099365,0.8609278202056885,0.8683305978775024
7,25,8,25,0.7818054556846619,0.7743642330169678,0.7780759334564209
7,26,8,26,0.8099700808525085,0.794563889503479,0.8022300004959106
7,27,8,27,0.8504193425178528,0.819212794303894,0.8346702456474304
7,28,8,28,0.8298600912094116,0.817182183265686,0.8234967589378357
7,29,8,29,0.8515714406967163,0.8412302136421204,0.8463850021362305
7,30,8,30,0.7963569164276123,0.8084797859191895,0.8023954629898071
7,31,8,31,0.7674914598464966,0.7814246416091919,0.7744266986846924
7,32,8,32,0.7077402472496033,0.7165298461914062,0.7121214866638184
8,1,9,1,0.9965027570724487,0.781778872013092,0.8826351761817932
8,2,9,2,0.936377763748169,0.7238665819168091,0.8232937455177307
8,3,9,3,0.9034202098846436,0.8429580926895142,0.8726656436920166
8,4,9,4,0.8780601024627686,0.8324694633483887,0.8549609780311584
8,5,9,5,0.925180196762085,0.8962560296058655,0.9106032848358154
8,6,9,6,0.6670805215835571,0.6172302961349487,0.6416714787483215
8,7,9,6,0.5951463580131531,0.6077622175216675,0.6014212369918823
8,8,9,9,0.5499241352081299,0.5049610137939453,0.5269632339477539
8,9,9,7,0.5904880166053772,0.5761303901672363,0.5832650065422058
8,10,9,7,0.4739919900894165,0.47067248821258545,0.472329318523407
8,11,9,10,0.45845139026641846,0.43256884813308716,0.4453221261501312
8,12,9,11,0.5023391246795654,0.45576992630958557,0.47848832607269287
8,13,9,10,0.5364316701889038,0.5228176116943359,0.5295808911323547
8,14,9,13,0.6036374568939209,0.5524773597717285,0.5774911642074585
8,15,9,12,0.4973803162574768,0.48245513439178467,0.4898608922958374
8,16,9,12,0.5419942140579224,0.5393509864807129,0.5406709909439087
8,17,9,14,0.5819694995880127,0.5640872120857239,0.5729585886001587
8,18,9,15,0.4737843871116638,0.45585599541664124,0.464733749628067
8,19,9,14,0.5337501168251038,0.5359845161437988,0.5348661541938782
8,20,9,16,0.5875034332275391,0.5789514780044556,0.5832117795944214
8,21,9,17,0.6373772621154785,0.6388545632362366,0.6381154656410217
8,22,9,19,0.4442336857318878,0.42775270342826843,0.4359153211116791
8,23,9,18,0.43045616149902344,0.43294432759284973,0.43169844150543213
8,24,9,21,0.5816947221755981,0.557667076587677,0.5695542097091675
8,25,9,19,0.5623805522918701,0.565973162651062,0.5641739964485168
8,26,9,22,0.43969547748565674,0.4186694920063019,0.4290536940097809
8,27,9,29,0.3736409544944763,0.35425329208374023,0.3638180196285248
8,28,9,20,0.4370722770690918,0.45789244771003723,0.4473612606525421
8,29,9,26,0.3630312383174896,0.35677844285964966,0.35989126563072205
8,30,9,22,0.5657730102539062,0.5801349878311157,0.5729089975357056
8,31,9,24,0.5800243616104126,0.5783293843269348,0.5791762471199036
8,32,9,25,0.46743911504745483,0.4914301931858063,0.4792845547199249
9,1,10,1,0.9997075796127319,0.877392590045929,0.9365554451942444
9,2,10,2,0.9844354391098022,0.9265356063842773,0.9550468325614929
9,3,10,3,0.9806809425354004,0.9489518404006958,0.9646859765052795
9,4,10,4,0.9933677911758423,0.9845906496047974,0.9889695048332214
9,5,10,5,0.9947701692581177,0.9864109754562378,0.990581750869751
9,6,10,6,0.9879695177078247,0.9769118428230286,0.9824250936508179
9,7,10,7,0.8512529134750366,0.8504205942153931,0.8508366346359253
9,8,10,8,0.8415142297744751,0.8270524740219116,0.8342519998550415
9,9,10,9,0.9868873953819275,0.9796308875083923,0.9832524657249451
9,10,10,10,0.9845697283744812,0.9718335866928101,0.9781809449195862
9,11,10,11,0.9859375357627869,0.9802851676940918,0.9831072688102722
9,12,10,12,0.9788895845413208,0.9708340167999268,0.9748534560203552
9,13,10,13,0.9922336935997009,0.9839575886726379,0.9880869388580322
9,14,10,14,0.9918602108955383,0.9870598912239075,0.9894571304321289
9,15,10,15,0.9530763626098633,0.9450340270996094,0.9490466713905334
9,16,10,16,0.8956025242805481,0.8958728313446045,0.8957377076148987
9,17,10,17,0.9323068857192993,0.930812656879425,0.9315594434738159
9,18,10,18,0.9814930558204651,0.9850231409072876,0.9832565188407898
9,19,10,19,0.9436599016189575,0.9426308274269104,0.943145215511322
9,20,10,20,0.9398103356361389,0.9371198415756226,0.9384641051292419
9,21,10,21,0.9454185962677002,0.9458253383636475,0.9456219673156738
9,22,10,22,0.9778379797935486,0.9822633862495422,0.9800481796264648
9,23,10,23,0.6664832234382629,0.6592798829078674,0.662871778011322
9,24,10,24,0.6998337507247925,0.6984755992889404,0.6991543173789978
9,25,10,25,0.7027559280395508,0.7003055810928345,0.7015296816825867
9,26,10,26,0.8716578483581543,0.8678680658340454,0.8697609305381775
9,27,10,27,0.6593086123466492,0.662108302116394,0.6607069969177246
9,28,10,28,0.6513044834136963,0.668780505657196,0.6599846482276917
9,29,10,29,0.7139986753463745,0.7125246524810791,0.7132613062858582
9,30,10,30,0.6650861501693726,0.6706728935241699,0.6678736805915833
9,31,10,31,0.6695545315742493,0.6763187646865845,0.6729281544685364
9,32,10,32,0.751866340637207,0.7666535377502441,0.7592239379882812
10,1,11,1,0.9985988736152649,0.8982433676719666,0.9470928311347961
10,2,11,2,0.9960513710975647,0.9432257413864136,0.9692787528038025
10,3,11,3,0.996584415435791,0.9607815742492676,0.9785192608833313
10,4,11,4,0.9977688789367676,0.9907254576683044,0.994240939617157
10,5,11,5,0.9980452060699463,0.987019956111908,0.9925172924995422
10,6,11,6,0.9942082166671753,0.9861931204795837,0.9901925921440125
10,7,11,7,0.9977127313613892,0.9963343739509583,0.997023344039917
10,8,11,8,0.9917530417442322,0.979954183101654,0.9858359694480896
10,9,11,9,0.9990037679672241,0.9950711131095886,0.9970355033874512
10,10,11,10,0.9978530406951904,0.9912771582603455,0.994559645652771
10,11,11,11,0.9941074848175049,0.9912631511688232,0.9926843047142029
10,12,11,12,0.9870981574058533,0.9805841445922852,0.983835756778717
10,13,11,13,0.9946101903915405,0.9901493787765503,0.9923772811889648
10,14,11,14,0.996676504611969,0.9934978485107422,0.9950858950614929
10,15,11,15,0.9884186387062073,0.9840347170829773,0.9862242341041565
10,16,11,16,0.9707658290863037,0.970206081867218,0.9704859256744385
10,17,11,17,0.9712517261505127,0.9711750745773315,0.9712134003639221
10,18,11,18,0.9791901111602783,0.9845354557037354,0.9818591475486755
10,19,11,19,0.9809352159500122,0.9817246198654175,0.9813297986984253
10,20,11,20,0.9872015714645386,0.9862704277038574,0.9867358803749084
10,21,11,21,0.9771795868873596,0.9784846901893616,0.9778319001197815
10,22,11,22,0.9681136608123779,0.9774322509765625,0.9727618098258972
10,23,11,23,0.9306155443191528,0.9311867952346802,0.9309011101722717
10,24,11,24,0.9104377627372742,0.9142299890518188,0.9123318791389465
10,25,11,25,0.9551968574523926,0.9524188041687012,0.9538068175315857
10,26,11,26,0.9056602716445923,0.911113440990448,0.908382773399353
10,27,11,27,0.8585387468338013,0.8677313327789307,0.863122820854187
10,28,11,28,0.8258863091468811,0.8315470218658447,0.8287118077278137
10,29,11,32,0.5964489579200745,0.6081008911132812,0.6022467613220215
10,30,11,29,0.747667670249939,0.7626360058784485,0.755114734172821
10,31,11,30,0.696531355381012,0.706310510635376,0.7014038562774658
10,32,11,31,0.47866442799568176,0.4966547191143036,0.48757660388946533
11,1,12,1,0.9998050928115845,0.9484453797340393,0.9737867116928101
11,2,12,2,0.9978514313697815,0.973034143447876,0.9853646755218506
11,3,12,3,0.9921295642852783,0.9708459377288818,0.9814300537109375
11,4,12,4,0.9940074682235718,0.9895417094230652,0.9917720556259155
11,5,12,5,0.9939556121826172,0.9870851039886475,0.9905143976211548
11,6,12,6,0.9919120073318481,0.987044632434845,0.9894753098487854
11,7,12,7,0.994330644607544,0.9939652681350708,0.9941479563713074
11,8,12,8,0.9900389909744263,0.9839695692062378,0.9869996309280396
11,9,12,9,0.9985133409500122,0.9963371753692627,0.9974246621131897
11,10,12,10,0.9982403516769409,0.9942071437835693,0.9962217211723328
11,11,12,11,0.9982514977455139,0.9969328045845032,0.9975919127464294
11,12,12,12,0.9914414882659912,0.988982081413269,0.990211009979248
11,13,12,13,0.9916649460792542,0.9879300594329834,0.9897957444190979
11,14,12,14,0.9978398084640503,0.9964448809623718,0.9971420764923096
11,15,12,15,0.9921267032623291,0.9894112348556519,0.9907680749893188
11,16,12,16,0.995406448841095,0.9955178499221802,0.9954621195793152
11,17,12,17,0.98838210105896,0.9896594285964966,0.989020586013794
11,18,12,18,0.981850802898407,0.9885750412940979,0.985207200050354
11,19,12,19,0.9836799502372742,0.9870333075523376,0.9853551983833313
11,20,12,20,0.9831995368003845,0.9832281470298767,0.9832138419151306
11,21,12,21,0.9910759329795837,0.9929272532463074,0.9920011758804321
11,22,12,22,0.9588238000869751,0.9692327976226807,0.9640142321586609
11,23,12,23,0.9819188714027405,0.9866563677787781,0.9842847585678101
11,24,12,24,0.9409565329551697,0.9474083781242371,0.9441769123077393
11,25,12,25,0.756035327911377,0.7617592215538025,0.7588918805122375
11,26,12,26,0.7664110660552979,0.7707018256187439,0.7685534358024597
11,27,12,27,0.9373544454574585,0.9464361667633057,0.9418843984603882
11,28,12,28,0.8705505132675171,0.8972567319869995,0.8838027715682983
11,29,12,29,0.8942546844482422,0.908141016960144,0.901171088218689
11,30,12,30,0.8977558612823486,0.9052934646606445,0.9015167951583862
11,31,12,31,0.8688951730728149,0.8818541765213013,0.8753506541252136
11,32,12,32,0.7309026718139648,0.7465114593505859,0.7386658191680908
12,1,13,1,0.9949331283569336,0.8962828516960144,0.9443206787109375
12,2,13,2,0.9605854153633118,0.9350159764289856,0.9477144479751587
12,3,13,3,0.7684924602508545,0.7401231527328491,0.7541744112968445
12,4,13,4,0.7982820272445679,0.7867382764816284,0.7924891114234924
12,5,13,5,0.934522271156311,0.9183038473129272,0.9263775944709778
12,6,13,6,0.9578872919082642,0.9479530453681946,0.9529072046279907
12,7,13,7,0.9984735250473022,0.9970393180847168,0.9977561831474304
12,8,13,8,0.986882746219635,0.9756730794906616,0.9812619090080261
12,9,13,9,0.9968703985214233,0.9942801594734192,0.995574414730072
12,10,13,10,0.9925681352615356,0.98529052734375,0.988922655582428
12,11,13,11,0.9987137913703918,0.9968550205230713,0.9977839589118958
12,12,13,12,0.9825949668884277,0.9809781908988953,0.9817862510681152
12,13,13,13,0.9738461971282959,0.9681282043457031,0.9709829688072205
12,14,13,14,0.9875915050506592,0.9855676889419556,0.9865791201591492
12,15,13,15,0.9728280305862427,0.970662534236908,0.9717446565628052
12,16,13,16,0.963271975517273,0.9628798961639404,0.9630759358406067
12,17,13,17,0.9609240293502808,0.9584450721740723,0.9596837759017944
12,18,13,18,0.9937715530395508,0.995090663433075,0.9944308996200562
12,19,13,19,0.991951048374176,0.9925259351730347,0.992238461971283
12,20,13,20,0.9757864475250244,0.9737942218780518,0.9747898578643799
12,21,13,21,0.9861247539520264,0.9872791171073914,0.9867017865180969
12,22,13,22,0.9833106398582458,0.9868337512016296,0.9850706458091736
12,23,13,23,0.9767383337020874,0.9815293550491333,0.9791309237480164
12,24,13,24,0.9709128141403198,0.9770262241363525,0.9739646911621094
12,25,13,25,0.9681202173233032,0.9693977236747742,0.968758761882782
12,26,13,26,0.8780460357666016,0.8784798383712769,0.8782629370689392
12,27,13,27,0.685315728187561,0.690468430519104,0.6878872513771057
12,28,13,28,0.631862998008728,0.6467829346656799,0.6392794251441956
12,29,13,29,0.9073706865310669,0.9182988405227661,0.912818431854248
12,30,13,30,0.3987806439399719,0.41678839921951294,0.4076851010322571
12,31,13,30,0.7547284960746765,0.7599331736564636,0.7573263645172119
12,32,13,31,0.553375780582428,0.5676855444908142,0.5604850053787231
13,1,14,1,0.9951485395431519,0.8982634544372559,0.9454658031463623
13,2,14,2,0.9923838376998901,0.975418210029602,0.983864426612854
13,3,14,3,0.9430240988731384,0.9253480434417725,0.9341442584991455
13,4,14,4,0.913810670375824,0.8891040086746216,0.9013726711273193
13,5,14,5,0.9188740849494934,0.8983373641967773,0.9085476994514465
13,6,14,6,0.9420081377029419,0.9304124712944031,0.9361923336982727
13,7,14,7,0.9709309935569763,0.9681078195571899,0.9695183634757996
13,8,14,8,0.9792531728744507,0.9695701599121094,0.9743996262550354
13,9,14,9,0.9933444261550903,0.9914584159851074,0.9924010038375854
13,10,14,10,0.9817712306976318,0.973480224609375,0.9776169061660767
13,11,14,11,0.9951208233833313,0.9938613176345825,0.9944908618927002
13,12,14,12,0.9214447736740112,0.9194806218147278,0.9204621911048889
13,13,14,13,0.8942692279815674,0.8919352889060974,0.8931015133857727
13,14,14,14,0.9677057266235352,0.9655108451843262,0.9666076302528381
13,15,14,15,0.9891504049301147,0.9882104396820068,0.9886803030967712
13,16,14,16,0.9930827021598816,0.9909772872924805,0.9920294284820557
13,17,14,17,0.9842897653579712,0.9821611046791077,0.9832248687744141
13,18,14,18,0.985939085483551,0.9874118566513062,0.9866752028465271
13,19,14,19,0.9832817912101746,0.9858752489089966,0.9845776557922363
13,20,14,20,0.9785929322242737,0.9787925481796265,0.9786927700042725
13,21,14,21,0.9740051031112671,0.9749888181686401,0.9744968414306641
13,22,14,22,0.9716520309448242,0.9743055105209351,0.972977876663208
13,23,14,23,0.8771095275878906,0.8870933055877686,0.8820872902870178
13,24,14,24,0.8756110668182373,0.8813303709030151,0.8784660696983337
13,25,14,25,0.869003415107727,0.8738632798194885,0.871429979801178
13,26,14,26,0.8829935789108276,0.8916628360748291,0.8873175978660583
13,27,14,27,0.881259560585022,0.8913901448249817,0.886310338973999
13,28,14,28,0.851372480392456,0.8695688247680664,0.8604225516319275
13,29,14,29,0.9116355180740356,0.9202030897140503,0.9159092903137207
13,30,14,31,0.7709953784942627,0.7852290868759155,0.7780796885490417
13,31,14,30,0.6479865312576294,0.6668778657913208,0.6573643088340759
13,32,14,32,0.8693118691444397,0.8916369080543518,0.8804036378860474
14,1,15,1,0.9751679301261902,0.8506832122802734,0.9108012914657593
14,2,15,2,0.9761302471160889,0.9547458291053772,0.9653788208961487
14,3,15,3,0.9618490934371948,0.9549168348312378,0.9583767056465149
14,4,15,4,0.8944787979125977,0.8693939447402954,0.8818472027778625
14,5,15,5,0.8827633857727051,0.8675227761268616,0.8751099109649658
14,6,15,6,0.8246792554855347,0.820967435836792,0.8228212594985962
14,7,15,7,0.8515292406082153,0.8447945713996887,0.8481552004814148
14,8,15,8,0.8096926212310791,0.7955913543701172,0.8026110529899597
14,9,15,9,0.9461384415626526,0.9446380138397217,0.9453879594802856
14,10,15,10,0.9070603847503662,0.8902350664138794,0.8986083269119263
14,11,15,11,0.9848289489746094,0.9827716946601868,0.9837997555732727
14,12,15,12,0.91306072473526,0.9083619713783264,0.9107083082199097
14,13,15,13,0.9800812005996704,0.9770247340202332,0.9785518050193787
14,14,15,14,0.907033383846283,0.9031746983528137,0.9051019549369812
14,15,15,15,0.9615671038627625,0.9607250690460205,0.9611459970474243
14,16,15,16,0.9778301119804382,0.9772316217422485,0.977530837059021
14,17,15,17,0.9648492932319641,0.9637846946716309,0.9643168449401855
14,18,15,18,0.9695127606391907,0.9719098806381226,0.9707105755805969
14,19,15,19,0.9587496519088745,0.9619712829589844,0.9603590965270996
14,20,15,20,0.9695033431053162,0.9684452414512634,0.9689741730690002
14,21,15,21,0.9801293611526489,0.9831967353820801,0.981661856174469
14,22,15,22,0.9750785231590271,0.9774247407913208,0.976250946521759
14,23,15,23,0.9415726065635681,0.9471588134765625,0.9443615674972534
14,24,15,24,0.9361129999160767,0.9422467350959778,0.9391748905181885
14,25,15,25,0.9581101536750793,0.9644312858581543,0.9612655639648438
14,26,15,26,0.934668779373169,0.9382017254829407,0.9364336133003235
14,27,15,27,0.6790840029716492,0.6990512609481812,0.6889953017234802
14,28,15,28,0.6997193694114685,0.7093098163604736,0.704498291015625
14,29,15,29,0.8263013362884521,0.8342604041099548,0.830271303653717
14,30,15,30,0.7068202495574951,0.7091091275215149,0.707963764667511
14,31,15,31,0.6099251508712769,0.635169506072998,0.6224193572998047
14,32,15,32,0.3850746750831604,0.4010757803916931,0.3929938077926636
15,1,16,1,0.9916632175445557,0.9182751178741455,0.9542639255523682
15,2,16,2,0.9919211268424988,0.9863349199295044,0.989124059677124
15,3,16,3,0.9972264170646667,0.9948890209197998,0.9960570335388184
15,4,16,4,0.9786471128463745,0.9609258770942688,0.9697459936141968
15,5,16,5,0.9703812003135681,0.9597796201705933,0.9650658369064331
15,6,16,6,0.9824066162109375,0.9833264350891113,0.9828664064407349
15,7,16,7,0.9123290777206421,0.917534351348877,0.9149280190467834
15,8,16,9,0.6941206455230713,0.6618638038635254,0.6778003573417664
15,9,16,8,0.8125083446502686,0.8143664598464966,0.8134368658065796
15,10,16,11,0.6021808385848999,0.5945919752120972,0.5983743667602539
15,11,16,10,0.9752057790756226,0.9731734395027161,0.974189043045044
15,12,16,12,0.767596960067749,0.7651742100715637,0.7663846611976624
15,13,16,13,0.8412699103355408,0.84161376953125,0.841441810131073
15,14,16,14,0.445129930973053,0.4303794503211975,0.4376925528049469
15,15,16,14,0.7861943244934082,0.7951048612594604,0.7906370162963867
15,16,16,15,0.9187633395195007,0.9214563369750977,0.9201088547706604
15,17,16,16,0.6839733123779297,0.6914403438568115,0.6876966953277588
15,18,16,17,0.8741651773452759,0.8773400783538818,0.8757511973381042
15,19,16,18,0.852281928062439,0.854779064655304,0.8535295724868774
15,20,16,20,0.705940842628479,0.7021875381469727,0.7040616869926453
15,21,16,21,0.9717600345611572,0.9761005640029907,0.9739278554916382
15,22,16,22,0.9360309839248657,0.9408524036407471,0.9384385943412781
15,23,16,23,0.9630873799324036,0.9671763181686401,0.9651296734809875
15,24,16,24,0.8064061403274536,0.8027025461196899,0.8045521974563599
15,25,16,25,0.8483926057815552,0.8558367490768433,0.852106511592865
15,26,16,26,0.8231707811355591,0.8228850364685059,0.8230279088020325
15,27,16,27,0.8878175020217896,0.9116075038909912,0.8996338844299316
15,28,16,28,0.8813775181770325,0.8912736177444458,0.8863117694854736
15,29,16,29,0.6433550119400024,0.6604138016700745,0.6518285870552063
15,30,16,30,0.8918936252593994,0.9025784730911255,0.8972201347351074
15,31,16,31,0.7131367921829224,0.7239792346954346,0.7185375690460205
15,32,16,32,0.7659013867378235,0.7944085001945496,0.7800247073173523
16,1,17,1,0.9828752875328064,0.941666841506958,0.9620504379272461
16,2,17,2,0.973392128944397,0.9714779257774353,0.9724345207214355
16,3,17,3,0.9883828163146973,0.9893009662628174,0.9888417720794678
16,4,17,4,0.9716176986694336,0.9759939312934875,0.9738033413887024
16,5,17,5,0.9813429117202759,0.9818106889724731,0.9815768003463745
16,6,17,6,0.9736940264701843,0.9786124229431152,0.9761500954627991
16,7,17,7,0.9571794867515564,0.9608325362205505,0.959004282951355
16,8,17,8,0.9860488176345825,0.9894062280654907,0.987726092338562
16,9,17,9,0.9577699899673462,0.9528770446777344,0.955320417881012
16,10,17,10,0.9817445278167725,0.9845274090766907,0.9831349849700928
16,11,17,11,0.9558324813842773,0.9606025218963623,0.958214521408081
16,12,17,13,0.6930506825447083,0.6922304034233093,0.6926404237747192
16,13,17,12,0.676603376865387,0.677476167678833,0.677039623260498
16,14,17,14,0.9614275693893433,0.9662991166114807,0.963860273361206
16,15,17,15,0.9412788152694702,0.9471195936203003,0.9441946744918823
16,16,17,16,0.9046099185943604,0.9080619812011719,0.9063343405723572
16,17,17,17,0.9788833856582642,0.9833431243896484,0.981110692024231
16,18,17,18,0.9479613304138184,0.9514425992965698,0.9497003555297852
16,19,17,19,0.8879492282867432,0.8873785734176636,0.8876638412475586
16,20,17,21,0.5044041275978088,0.5079855918884277,0.5061916708946228
16,21,17,20,0.8300772905349731,0.8403302431106567,0.8351880311965942
16,22,17,21,0.7007403373718262,0.7102736234664917,0.7054908871650696
16,23,17,23,0.9333741664886475,0.9422540664672852,0.9378036260604858
16,24,17,24,0.8217585682868958,0.8247940540313721,0.8232749104499817
16,25,17,25,0.6530256271362305,0.6654985547065735,0.6592325568199158
16,26,17,25,0.5686266422271729,0.5764267444610596,0.5725134015083313
16,27,17,26,0.765806257724762,0.7945250272750854,0.780033528804779
16,28,17,28,0.6080033779144287,0.6199817061424255,0.6139633655548096
16,29,17,29,0.5315921306610107,0.547106146812439,0.5392933487892151
16,30,17,29,0.5414977073669434,0.5550882816314697,0.5482509136199951
16,31,17,32,0.5667237043380737,0.5761985778808594,0.5714414715766907
16,32,17,31,0.5694726705551147,0.5843322277069092,0.5768545866012573
17,1,18,1,0.9039652347564697,0.7416037321090698,0.8187698125839233
17,2,18,2,0.88150954246521,0.8247422575950623,0.8526536226272583
17,3,18,3,0.9656574726104736,0.9717279672622681,0.9686879515647888
17,4,18,4,0.9338434338569641,0.9522275924682617,0.9429907202720642
17,5,18,5,0.91391921043396,0.9187566637992859,0.9163347482681274
17,6,18,6,0.8432583808898926,0.86216139793396,0.8526574969291687
17,7,18,7,0.8663684129714966,0.8675757646560669,0.8669719099998474
17,8,18,8,0.778388500213623,0.8016963005065918,0.7899564504623413
17,9,18,9,0.6101690530776978,0.6227356195449829,0.616420328617096
17,10,18,11,0.9334058165550232,0.9446491003036499,0.9390106201171875
17,11,18,10,0.699339747428894,0.7095868587493896,0.7044446468353271
17,12,18,12,0.7458592057228088,0.7674278616905212,0.7565666437149048
17,13,18,13,0.840279221534729,0.8489130735397339,0.844585120677948
17,14,18,14,0.6213773488998413,0.6244744062423706,0.6229239702224731
17,15,18,15,0.8067622184753418,0.8112874031066895,0.8090216517448425
17,16,18,16,0.789898157119751,0.799697995185852,0.7947829365730286
17,17,18,17,0.8272680044174194,0.8484351634979248,0.8377847075462341
17,18,18,18,0.5640215277671814,0.5723867416381836,0.5681887269020081
17,19,18,19,0.698719322681427,0.7091978788375854,0.7039390802383423
17,20,18,20,0.6394833326339722,0.6547868251800537,0.6470898389816284
17,21,18,21,0.584463357925415,0.588995099067688,0.5867248773574829
17,22,18,22,0.8311790227890015,0.8597856760025024,0.8453613519668579
17,23,18,23,0.8324770927429199,0.8643712401390076,0.848274290561676
17,24,18,24,0.9022865295410156,0.9288939833641052,0.9154936075210571
17,25,18,26,0.6532588005065918,0.6752612590789795,0.6641688942909241
17,26,18,25,0.7694579362869263,0.795547366142273,0.7823939323425293
17,27,18,27,0.625474214553833,0.6417394280433655,0.6335546374320984
17,28,18,29,0.7575087547302246,0.7753931879997253,0.7663987874984741
17,29,18,30,0.5038141012191772,0.5179377198219299,0.5108271241188049
17,30,18,28,0.48370668292045593,0.5019599795341492,0.49274882674217224
17,31,18,30,0.49401789903640747,0.5290611982345581,0.5112394094467163
17,32,18,31,0.4647909104824066,0.4779239892959595,0.4713117182254791
18,1,19,1,0.9847204685211182,0.9172376990318298,0.9503803253173828
18,2,19,2,0.9476713538169861,0.9449541568756104,0.9463117718696594
18,3,19,3,0.8029431700706482,0.8374812602996826,0.8200303912162781
18,4,19,4,0.8349977731704712,0.8742712140083313,0.854408860206604
18,5,19,6,0.8277100920677185,0.8877924680709839,0.8572250604629517
18,6,19,7,0.6210941672325134,0.6833199262619019,0.6514645218849182
18,7,19,9,0.7517656683921814,0.7807302474975586,0.7661110758781433
18,8,19,7,0.5348434448242188,0.5658292770385742,0.5501182079315186
18,9,19,8,0.4894079566001892,0.5247815251350403,0.5067861676216125
18,10,19,8,0.5009092688560486,0.5011186003684998,0.5010139346122742
18,11,19,11,0.7469495534896851,0.7707093954086304,0.7587364912033081
18,12,19,12,0.7104002237319946,0.7661968469619751,0.737771213054657
18,13,19,13,0.6381099820137024,0.6901460289955139,0.6636181473731995
18,14,19,14,0.694443941116333,0.7562784552574158,0.724702000617981
18,15,19,17,0.4671163260936737,0.5055361390113831,0.4859466850757599
18,16,19,15,0.550581693649292,0.5789068937301636,0.5645666718482971
18,17,19,17,0.5412546396255493,0.59010249376297,0.565151035785675
18,18,19,16,0.6447435021400452,0.6683235168457031,0.6564276218414307
18,19,19,19,0.6655439734458923,0.7331640124320984,0.698536217212677
18,20,19,20,0.6028369665145874,0.659006655216217,0.6302964091300964
18,21,19,20,0.4271906316280365,0.4591086804866791,0.4428621828556061
18,22,19,23,0.6071382164955139,0.668215274810791,0.6369450688362122
18,23,19,22,0.6027978658676147,0.6457246541976929,0.6238921880722046
18,24,19,24,0.5050520896911621,0.5587308406829834,0.5312138795852661
18,25,19,25,0.47325846552848816,0.5462799072265625,0.5084600448608398
18,26,19,31,0.49268028140068054,0.5487242341041565,0.5199477076530457
18,27,19,26,0.6219967603683472,0.6658754944801331,0.6435622572898865
18,28,19,28,0.504393458366394,0.558739423751831,0.5308714509010315
18,29,19,29,0.47837623953819275,0.5130311846733093,0.4954007863998413
18,30,19,27,0.563570499420166,0.6170914173126221,0.589724063873291
18,31,19,30,0.42628562450408936,0.48785483837127686,0.4560323655605316
18,32,19,26,0.2633071839809418,0.270148366689682,0.26670584082603455
19,1,20,1,0.9704585075378418,0.8674945831298828,0.9175333976745605
19,2,20,2,0.7728179693222046,0.696544885635376,0.7336909770965576
19,3,20,2,0.3964739739894867,0.37996846437454224,0.3881334960460663
19,4,20,7,0.4244222640991211,0.49627646803855896,0.45894530415534973
19,5,20,3,0.8856942057609558,0.9009393453598022,0.893284261226654
19,6,20,8,0.2938588559627533,0.3726200759410858,0.33090439438819885
19,7,20,11,0.27727609872817993,0.34437379240989685,0.3090091049671173
19,8,20,5,0.6579180955886841,0.6618306636810303,0.6598714590072632
19,9,20,4,0.38554370403289795,0.3921293318271637,0.3888225853443146
19,10,20,10,0.3724304437637329,0.46549201011657715,0.41636931896209717
19,11,20,6,0.4692729413509369,0.49681833386421204,0.48284927010536194
19,12,20,8,0.5567601919174194,0.5819826126098633,0.5692316889762878
19,13,20,12,0.5515081882476807,0.6178684830665588,0.5837461352348328
19,14,20,14,0.4252268075942993,0.5232934951782227,0.47171857953071594
19,15,20,12,0.3610403537750244,0.3819042444229126,0.3713257908821106
19,16,20,17,0.4300301969051361,0.463629812002182,0.4465140700340271
19,17,20,16,0.5178613662719727,0.6109954118728638,0.5625041723251343
19,18,20,18,0.3483773171901703,0.4359029233455658,0.38969048857688904
19,19,20,11,0.41671496629714966,0.4611928462982178,0.43839019536972046
19,20,20,16,0.4179580807685852,0.43392297625541687,0.4258657395839691
19,21,20,19,0.5030459761619568,0.5987232327461243,0.5488035082817078
19,22,20,17,0.5245673060417175,0.5949288010597229,0.5586413741111755
19,23,20,23,0.4143747389316559,0.45339706540107727,0.4334469735622406
19,24,20,20,0.4569547772407532,0.5271618962287903,0.4908045828342438
19,25,20,22,0.4443435072898865,0.5034326314926147,0.47296619415283203
19,26,20,26,0.34396713972091675,0.4058372378349304,0.37362369894981384
19,27,20,28,0.3123549818992615,0.34649327397346497,0.3289816081523895
19,28,20,24,0.5416957139968872,0.5892950296401978,0.5649943351745605
19,29,20,25,0.3814895749092102,0.4318147301673889,0.4058729112148285
19,30,20,28,0.3452659845352173,0.3998989462852478,0.37157973647117615
19,31,20,28,0.5026968717575073,0.5686819553375244,0.5346724390983582
19,32,20,27,0.41086530685424805,0.44779694080352783,0.4289338290691376
20,1,21,1,0.9741482734680176,0.9186928272247314,0.9460142850875854
20,2,21,2,0.8539129495620728,0.9012315273284912,0.8772532343864441
20,3,21,3,0.8676714897155762,0.9219725131988525,0.8944100141525269
20,4,21,4,0.8024575710296631,0.7336686849594116,0.7672926187515259
20,5,21,7,0.355089008808136,0.43011078238487244,0.39080381393432617
20,6,21,5,0.5325352549552917,0.5350409746170044,0.5337866544723511
20,7,21,7,0.3397394120693207,0.45291441679000854,0.39226633310317993
20,8,21,9,0.3315359055995941,0.38877376914024353,0.35901597142219543
20,9,21,5,0.2625676393508911,0.3568972945213318,0.306120365858078
20,10,21,7,0.26897335052490234,0.3569693863391876,0.30986326932907104
20,11,21,6,0.4411443769931793,0.5272952914237976,0.4823000729084015
20,12,21,12,0.3123852014541626,0.43292802572250366,0.3677503168582916
20,13,21,9,0.49132418632507324,0.6489307880401611,0.5646551251411438
20,14,21,13,0.23343630135059357,0.318422794342041,0.2726379334926605
20,15,21,15,0.32615959644317627,0.4380859136581421,0.3780025541782379
20,16,21,11,0.32381385564804077,0.42951804399490356,0.3729395270347595
20,17,21,11,0.4190167784690857,0.5186809301376343,0.4661931097507477
20,18,21,15,0.29889506101608276,0.4249629080295563,0.35639768838882446
20,19,21,16,0.2764939069747925,0.3609267771244049,0.3159019649028778
20,20,21,14,0.29604101181030273,0.3954159617424011,0.3421393632888794
20,21,21,13,0.3164333999156952,0.3794125020503998,0.34649500250816345
20,22,21,16,0.2989894449710846,0.4159573018550873,0.35265684127807617
20,23,21,18,0.27987587451934814,0.41087713837623596,0.33910852670669556
20,24,21,19,0.3579558730125427,0.4380941092967987,0.39600297808647156
20,25,21,21,0.36281681060791016,0.489986777305603,0.4216342568397522
20,26,21,18,0.30945757031440735,0.42029744386672974,0.3606441617012024
20,27,21,22,0.3282170593738556,0.4489329159259796,0.3838586211204529
20,28,21,16,0.32315218448638916,0.37963005900382996,0.3502545952796936
20,29,21,24,0.4790761470794678,0.5801655650138855,0.5272034406661987
20,30,21,26,0.3080465793609619,0.3961474895477295,0.3493306338787079
20,31,21,25,0.32578444480895996,0.4045138359069824,0.3630211055278778
20,32,21,22,0.27754640579223633,0.34341105818748474,0.3087272346019745
21,1,22,1,0.8616848587989807,0.7068616151809692,0.7804434299468994
21,2,22,2,0.6238102912902832,0.5850999355316162,0.6041451692581177
21,3,22,3,0.718813955783844,0.7673641443252563,0.7426924109458923
21,4,22,5,0.5982378721237183,0.6331510543823242,0.615446925163269
21,5,22,4,0.7665262222290039,0.6476462483406067,0.7045834064483643
21,6,22,6,0.5286673307418823,0.7336410284042358,0.6227777004241943
21,7,22,7,0.42651256918907166,0.5748088359832764,0.49513956904411316
21,8,22,9,0.27149498462677,0.34629717469215393,0.3066234588623047
21,9,22,8,0.44283241033554077,0.6159945130348206,0.5222856998443604
21,10,22,7,0.385223925113678,0.5334271788597107,0.4533088505268097
21,11,22,9,0.40668922662734985,0.5666126012802124,0.4800367057323456
21,12,22,10,0.3660198450088501,0.5038821697235107,0.42945414781570435
21,13,22,11,0.272377610206604,0.41656386852264404,0.33684220910072327
21,14,22,10,0.29288250207901,0.3513796925544739,0.3208005130290985
21,15,22,15,0.3870408535003662,0.5130507946014404,0.4456137716770172
21,16,22,17,0.4469846487045288,0.5617495179176331,0.5010921955108643
21,17,22,15,0.3964278995990753,0.5141233205795288,0.45145633816719055
21,18,22,16,0.40585747361183167,0.5302788019180298,0.46391552686691284
21,19,22,17,0.31546080112457275,0.4375039041042328,0.37150415778160095
21,20,22,16,0.3441762328147888,0.45102810859680176,0.39399638772010803
21,21,22,19,0.33207181096076965,0.4615386426448822,0.3914894163608551
21,22,22,18,0.34859904646873474,0.42677661776542664,0.38571223616600037
21,23,22,24,0.3618297576904297,0.5221679210662842,0.43466755747795105
21,24,22,21,0.41000938415527344,0.6260064840316772,0.5066246390342712
21,25,22,23,0.3614802360534668,0.4786731004714966,0.4159697890281677
21,26,22,25,0.3528788089752197,0.5042350888252258,0.42182207107543945
21,27,22,32,0.3016197681427002,0.3712577819824219,0.33463215827941895
21,28,22,28,0.25108981132507324,0.3940422534942627,0.31454727053642273
21,29,22,30,0.3858286142349243,0.5357382893562317,0.45464619994163513
21,30,22,26,0.3456078767776489,0.47387388348579407,0.404690682888031
21,31,22,30,0.2773483991622925,0.3750482201576233,0.32251980900764465
21,32,22,25,0.278455913066864,0.3488580584526062,0.31167545914649963
