blind_id,condition,run,candidate,layer,sv_rank_1based,singular_value,tail_selectivity_score,layer_bar,excess_over_bar,selected_tail_polarity,stable_excess_kurtosis,doc_count_z5_selected,doc_count_z5_opposite,lexical_concentration
408c5a45,random,qwen_rand,L10_SV10,10,10,1.0,5.4431981626678585,1.0017789128510868,4.4414192498167715,positive,35.46633305928593,2000.0,9.0,0.5
f92a614e,random,qwen_rand,L12_SV06,12,6,1.0,4.683810288189607,0.8776491379341842,3.8061611502554227,positive,28.24533906228186,2000.0,5.0,0.359375
bd201907,random,qwen_rand,L11_SV30,11,30,1.0,4.692650816210831,0.959990752017322,3.732660064193509,negative,30.069145725873632,2000.0,5.0,0.171875
2add3011,random,qwen_rand,L10_SV54,10,54,1.0,4.39159839883857,1.0017789128510868,3.3898194859874833,negative,23.842638201241886,2000.0,7.0,0.1875
b686886a,random,qwen_rand,L06_SV31,6,31,1.0,4.526242787896544,1.1862510537324609,3.3399917341640837,negative,23.042817324846105,2000.0,57.0,0.234375
f236e9e7,random,qwen_rand,L10_SV50,10,50,1.0,4.330520065981504,1.0017789128510868,3.3287411531304167,negative,25.548111308713708,2000.0,14.0,0.65625
e4f17215,random,qwen_rand,L06_SV41,6,41,1.0,4.342794361338743,1.1862510537324609,3.1565433076062828,negative,23.316253257803307,2000.0,15.0,0.140625
b3139405,random,qwen_rand,L07_SV47,7,47,1.0,4.014349429270995,1.0759803933934666,2.9383690358775283,positive,19.259352485271624,2000.0,84.0,0.4375
298fed0b,random,qwen_rand,L06_SV43,6,43,1.0,4.1163510367490215,1.1862510537324609,2.930099983016561,negative,20.51847254387043,2000.0,67.0,0.234375
4b75e139,random,qwen_rand,L12_SV64,12,64,1.0,3.7548241207349564,0.8776491379341842,2.8771749828007724,negative,18.73140631440656,2000.0,18.0,0.515625
3a1176ba,random,qwen_rand,L11_SV53,11,53,1.0,3.8198702327095364,0.959990752017322,2.8598794806922143,negative,19.780512622193637,2000.0,7.0,0.640625
7bfd1d84,random,qwen_rand,L06_SV17,6,17,1.0,3.9618674107182463,1.1862510537324609,2.7756163569857852,negative,21.569432669294855,2000.0,11.0,0.46875
28d30843,random,qwen_rand,L11_SV45,11,45,1.0,3.591683047649061,0.959990752017322,2.631692295631739,positive,15.572516135836235,2000.0,0.0,0.65625
ae67ec62,random,qwen_rand,L11_SV26,11,26,1.0,3.523997427258957,0.959990752017322,2.564006675241635,positive,15.820452379814725,2000.0,7.0,0.640625
65c956c2,random,qwen_rand,L07_SV42,7,42,1.0,3.5017637148996084,1.0759803933934666,2.4257833215061417,positive,14.774727716235137,1999.0,19.0,0.421875
70d0d678,random,qwen_rand,L14_SV55,14,55,1.0,3.231669527490392,0.8174431750662977,2.414226352424094,positive,13.1439766589913,2000.0,3.0,0.53125
e529cf01,random,qwen_rand,L10_SV31,10,31,1.0,3.3374851827853567,1.0017789128510868,2.3357062699342697,positive,15.759652150984152,2000.0,22.0,0.5
37d9ddaa,random,qwen_rand,L12_SV17,12,17,1.0,3.1540341105580474,0.8776491379341842,2.2763849726238634,negative,13.98113470985409,2000.0,9.0,0.125
5e3c10da,random,qwen_rand,L07_SV28,7,28,1.0,3.330488899350249,1.0759803933934666,2.254508505956782,positive,12.756368671097887,1993.0,48.0,0.375
9dd13825,random,qwen_rand,L06_SV11,6,11,1.0,3.344827388838117,1.1862510537324609,2.158576335105656,negative,13.62986120118228,1999.0,10.0,0.125
70790f66,random,qwen_rand,L10_SV59,10,59,1.0,3.1163524587276656,1.0017789128510868,2.1145735458765786,negative,13.344526324173952,2000.0,0.0,0.515625
9a99688f,random,qwen_rand,L09_SV28,9,28,1.0,3.1124863024254883,1.0336355626426004,2.078850739782888,positive,10.86648768712877,1994.0,61.0,0.1875
a6b5a8f3,random,qwen_rand,L08_SV25,8,25,1.0,3.1079745032548525,1.0778445486702353,2.030129954584617,positive,13.720461575226867,2000.0,4.0,0.375
401783b1,random,qwen_rand,L17_SV12,17,12,1.0,2.6392545869990935,0.714530014670335,1.9247245723287585,positive,10.126626013400623,2000.0,1.0,0.53125
a786b474,random,qwen_rand,L06_SV30,6,30,1.0,3.0632346598135993,1.1862510537324609,1.8769836060811385,positive,10.930209856734185,1999.0,39.0,0.640625
81eb3298,random,qwen_rand,L06_SV58,6,58,1.0,3.0402784357267496,1.1862510537324609,1.8540273819942887,positive,13.021494766458162,1994.0,2.0,0.234375
03426159,random,qwen_rand,L09_SV17,9,17,1.0,2.845658251773826,1.0336355626426004,1.8120226891312257,negative,10.667855675460107,1995.0,14.0,0.265625
3cafcfc1,random,qwen_rand,L09_SV30,9,30,1.0,2.789138793341186,1.0336355626426004,1.7555032306985856,positive,8.313842764769653,1985.0,16.0,0.5625
07ede102,random,qwen_rand,L06_SV01,6,1,1.0,2.908031657961119,1.1862510537324609,1.7217806042286583,positive,10.695692280716385,1995.0,15.0,0.265625
d351edab,random,qwen_rand,L02_SV32,2,32,1.0,3.183612397878759,1.4843947522669807,1.6992176456117782,positive,13.538628422742377,1955.0,38.0,0.234375
aff1ff20,random,qwen_rand,L06_SV09,6,9,1.0,2.8706980990115363,1.1862510537324609,1.6844470452790754,negative,10.218846338817768,1989.0,45.0,0.234375
feede09e,random,qwen_rand,L10_SV38,10,38,1.0,2.6704927233087,1.0017789128510868,1.6687138104576131,positive,8.618179159112467,1998.0,9.0,0.234375
0b014d10,random,qwen_rand,L11_SV19,11,19,1.0,2.57645843637982,0.959990752017322,1.6164676843624979,positive,8.714495196394074,2000.0,10.0,0.046875
583feca1,random,qwen_rand,L06_SV07,6,7,1.0,2.7715008354065334,1.1862510537324609,1.5852497816740725,positive,10.056641804736696,2000.0,13.0,0.234375
ab034d8d,random,qwen_rand,L11_SV42,11,42,1.0,2.4960053618329914,0.959990752017322,1.5360146098156693,positive,6.019800904155362,1887.0,36.0,0.5625
b7aabff9,random,qwen_rand,L10_SV53,10,53,1.0,2.524710020680796,1.0017789128510868,1.5229311078297092,negative,7.15916469099246,1986.0,7.0,0.65625
6c48becc,random,qwen_rand,L13_SV58,13,58,1.0,2.3861171439940576,0.8953038105936345,1.490813333400423,negative,7.336914560422612,2000.0,28.0,0.234375
bfd64b88,random,qwen_rand,L09_SV33,9,33,1.0,2.514285380716968,1.0336355626426004,1.4806498180743675,positive,8.089835257172616,1983.0,5.0,0.03125
4363cd88,random,qwen_rand,L07_SV59,7,59,1.0,2.5344613749623526,1.0759803933934666,1.458480981568886,positive,8.22851038862893,1989.0,31.0,0.3125
859f922e,random,qwen_rand,L06_SV52,6,52,1.0,2.6436309473457817,1.1862510537324609,1.4573798936133209,negative,9.085129470696765,2000.0,22.0,0.046875
be063372,random,qwen_rand,L14_SV36,14,36,1.0,2.2017659174495154,0.8174431750662977,1.3843227423832176,negative,6.468210996892937,2000.0,14.0,0.1875
b540d27e,random,qwen_rand,L06_SV45,6,45,1.0,2.550326381847004,1.1862510537324609,1.364075328114543,negative,8.987312880035615,1998.0,23.0,0.3125
5a10328a,random,qwen_rand,L11_SV29,11,29,1.0,2.3183585844437484,0.959990752017322,1.3583678324264263,positive,6.766041327158607,1990.0,10.0,0.609375
740e7760,random,qwen_rand,L08_SV42,8,42,1.0,2.423657279202865,1.0778445486702353,1.3458127305326295,negative,7.757120760366439,2000.0,6.0,0.078125
483c8fda,random,qwen_rand,L06_SV05,6,5,1.0,2.5149373027987543,1.1862510537324609,1.3286862490662934,negative,8.426079580868405,1980.0,3.0,0.546875
9be06422,random,qwen_rand,L26_SV46,26,46,1.0,2.0676050805290584,0.7730389029064947,1.2945661776225639,negative,6.21470189648981,1914.0,0.0,0.953125
ae11d8b9,random,qwen_rand,L17_SV30,17,30,1.0,1.9974667839378422,0.714530014670335,1.2829367692675073,negative,5.160938605764661,1989.0,3.0,0.4375
5ef40f4a,random,qwen_rand,L11_SV27,11,27,1.0,2.2425787975586187,0.959990752017322,1.2825880455412966,negative,6.294543534879235,1984.0,5.0,0.65625
d2da5271,random,qwen_rand,L11_SV34,11,34,1.0,2.219979747594163,0.959990752017322,1.2599889955768409,positive,5.489547024063901,1982.0,50.0,0.265625
0486c4cf,random,qwen_rand,L11_SV06,11,6,1.0,2.2195078712121212,0.959990752017322,1.2595171191947991,positive,6.5078181275144225,2000.0,29.0,0.0625
40784a18,random,qwen_rand,L08_SV28,8,28,1.0,2.3320998324233804,1.0778445486702353,1.254255283753145,negative,6.697140503337023,1984.0,4.0,0.640625
56089565,random,qwen_rand,L06_SV57,6,57,1.0,2.411230202829132,1.1862510537324609,1.224979149096671,positive,7.597114104646691,1972.0,18.0,0.46875
2aa2faa0,random,qwen_rand,L08_SV02,8,2,1.0,2.2935223344443245,1.0778445486702353,1.2156777857740892,negative,6.561343307370665,1969.0,16.0,0.359375
342289ba,random,qwen_rand,L11_SV46,11,46,1.0,2.1054812420077935,0.959990752017322,1.1454904899904714,negative,4.92559131378513,1815.0,28.0,0.078125
c7a0ba6a,random,qwen_rand,L13_SV17,13,17,1.0,2.037842732899079,0.8953038105936345,1.1425389223054445,negative,5.90678696575336,2000.0,5.0,0.21875
13d7202b,random,qwen_rand,L07_SV51,7,51,1.0,2.2105981307099416,1.0759803933934666,1.134617737316475,positive,6.646094042477456,1992.0,10.0,0.234375
f7ada9dd,random,qwen_rand,L08_SV13,8,13,1.0,2.2079282634938324,1.0778445486702353,1.1300837148235972,negative,6.1839993738530605,1972.0,13.0,0.28125
be9b19ae,random,qwen_rand,L12_SV27,12,27,1.0,2.003422920603154,0.8776491379341842,1.12577378266897,negative,5.239681714496417,1992.0,23.0,0.140625
e65750fc,random,qwen_rand,L15_SV23,15,23,1.0,1.9638388909969287,0.8483131839083643,1.1155257070885645,negative,4.271933819340728,1309.0,1.0,0.65625
c31d3dcd,random,qwen_rand,L07_SV03,7,3,1.0,2.114053140827336,1.0759803933934666,1.0380727474338696,negative,5.764314563942957,1950.0,11.0,0.3125
430b1600,random,qwen_rand,L26_SV04,26,4,1.0,1.793412584514433,0.7730389029064947,1.0203736816079383,positive,4.322421084998269,1590.0,0.0,0.96875
7f83433a,random,qwen_rand,L08_SV04,8,4,1.0,2.0926014850963455,1.0778445486702353,1.0147569364261102,positive,4.62174356192767,1752.0,38.0,0.3125
63ec3d3e,random,qwen_rand,L16_SV63,16,63,1.0,1.732740332416023,0.7199082201535825,1.0128321122624406,negative,3.7718448263212974,1902.0,2.0,0.234375
1e5ce3e8,random,qwen_rand,L14_SV13,14,13,1.0,1.8269631271896476,0.8174431750662977,1.00951995212335,negative,4.272251537551816,1940.0,11.0,0.390625
7769ea9b,random,qwen_rand,L07_SV53,7,53,1.0,2.0102880468698037,1.0759803933934666,0.934307653476337,negative,4.771813082873986,1500.0,56.0,0.390625
5d6f3235,random,qwen_rand,L18_SV21,18,21,1.0,1.6074722562109365,0.7121478536609158,0.8953244025500207,positive,3.6234005529261983,1969.0,1.0,0.125
89718c6a,random,qwen_rand,L10_SV42,10,42,1.0,1.893452272689219,1.0017789128510868,0.8916733598381321,positive,4.430276591584486,1982.0,22.0,0.125
07823cf1,random,qwen_rand,L11_SV38,11,38,1.0,1.8450680498491472,0.959990752017322,0.8850772978318252,negative,4.0713300861952115,1455.0,92.0,0.234375
d046142e,random,qwen_rand,L06_SV37,6,37,1.0,2.047024327863949,1.1862510537324609,0.860773274131488,negative,5.086206693906256,1930.0,81.0,0.34375
51659620,random,qwen_rand,L06_SV20,6,20,1.0,2.0384727450436424,1.1862510537324609,0.8522216913111815,positive,5.109518314802443,1954.0,40.0,0.125
ce7de60a,random,qwen_rand,L06_SV19,6,19,1.0,2.0259543793533794,1.1862510537324609,0.8397033256209185,positive,5.1988345039803825,1979.0,19.0,0.03125
49879998,random,qwen_rand,L07_SV49,7,49,1.0,1.913442937408668,1.0759803933934666,0.8374625440152015,negative,4.341847062651188,1931.0,6.0,0.046875
e6925e01,random,qwen_rand,L11_SV57,11,57,1.0,1.7653884710608427,0.959990752017322,0.8053977190435208,positive,4.170238698036764,1934.0,16.0,0.21875
bb8d8dfa,random,qwen_rand,L10_SV27,10,27,1.0,1.8045095821851858,1.0017789128510868,0.802730669334099,negative,4.06711966044787,1880.0,4.0,0.203125
1b84d981,random,qwen_rand,L02_SV09,2,9,1.0,2.280985944810257,1.4843947522669807,0.7965911925432763,positive,6.039923093829541,1630.0,77.0,0.5
93c95b71,random,qwen_rand,L16_SV62,16,62,1.0,1.5056035322237156,0.7199082201535825,0.7856953120701331,positive,2.992322330877692,1753.0,2.0,0.234375
2042a0a3,random,qwen_rand,L06_SV03,6,3,1.0,1.9585279925794858,1.1862510537324609,0.772276938847025,positive,4.949169428819657,1967.0,20.0,0.046875
5cb3053c,random,qwen_rand,L18_SV41,18,41,1.0,1.4675446992923784,0.7121478536609158,0.7553968456314626,positive,2.5201143641447246,1276.0,0.0,0.375
43e9767a,random,qwen_rand,L09_SV31,9,31,1.0,1.7741504824907877,1.0336355626426004,0.7405149198481873,positive,3.4520600632619542,1664.0,21.0,0.03125
ac6b14a0,random,qwen_rand,L07_SV19,7,19,1.0,1.8163933278740005,1.0759803933934666,0.7404129344805339,negative,3.862550209226126,1813.0,31.0,0.0625
07aee7e7,rotated,qwen_j_rot0,L06_SV57,6,57,4.607560634613037,1.4139501473645668,1.1862510537324609,0.22769909363210594,positive,2.157377531657171,1044.0,75.0,0.265625
30a72342,rotated,qwen_j_rot0,L02_SV34,2,34,12.98228931427002,1.6897051992053684,1.4843947522669807,0.20531044693838774,negative,3.4259500378058894,1483.0,60.0,0.078125
b58d03c2,rotated,qwen_j_rot0,L28_SV29,28,29,1.7309563159942627,1.0752150658552875,0.8934194937087045,0.18179557214658293,negative,1.7402349949884446,131.0,1.0,0.09375
17917ec4,rotated,qwen_j_rot0,L25_SV30,25,30,2.0213558673858643,0.8003018623307103,0.6594453562965057,0.14085650603420463,negative,0.6611593378470237,42.0,1.0,0.078125
818d6c2a,rotated,qwen_j_rot0,L15_SV07,15,7,5.132527828216553,0.9754129172205525,0.8483131839083643,0.12709973331218816,positive,1.026173581184299,152.0,5.0,0.03125
6cff1517,rotated,qwen_j_rot0,L04_SV54,4,54,10.650487899780273,1.4113139686787435,1.3135525808767625,0.09776138780198096,positive,2.6217392865519855,1163.0,49.0,0.03125
1e548ed6,rotated,qwen_j_rot0,L00_SV20,0,20,23.68813133239746,1.6776746635756319,1.6099413647271563,0.06773329884847556,negative,2.801694947749006,1075.0,156.0,0.140625
d2f697f3,rotated,qwen_j_rot1,L12_SV35,12,35,4.422561168670654,0.9392725174155708,0.8776491379341842,0.06162337948138663,positive,1.1744643311590188,236.0,1.0,0.046875
0fe3d7bb,rotated,qwen_j_rot1,L08_SV09,8,9,5.138028144836426,1.1383071713889585,1.0778445486702353,0.06046262271872327,positive,1.4575171565575644,269.0,19.0,0.046875
f1131e5e,rotated,qwen_j_rot0,L18_SV36,18,36,3.358489990234375,0.7710390037648417,0.7121478536609158,0.05889115010392587,negative,0.5873271988961606,43.0,3.0,0.109375
10cdec28,rotated,qwen_j_rot0,L17_SV46,17,46,3.921867609024048,0.7727857592359045,0.714530014670335,0.05825574456556959,positive,0.5219232424383118,57.0,0.0,0.109375
f9e3c22a,rotated,qwen_j_rot0,L23_SV05,23,5,2.3374202251434326,0.7218079682137518,0.6641316648014041,0.05767630341234775,negative,0.5558997975974962,36.0,0.0,0.09375
891fc926,rotated,qwen_j_rot0,L26_SV57,26,57,2.1318867206573486,0.8236931469695884,0.7730389029064947,0.05065424406309371,positive,0.6498006018089226,57.0,0.0,0.1875
e78af2bf,rotated,qwen_j_rot0,L03_SV63,3,63,10.681745529174805,1.3619343833438842,1.313123298743561,0.04881108460032313,positive,2.460672131957102,1002.0,146.0,0.078125
ffb09236,rotated,qwen_j_rot0,L21_SV07,21,7,2.558701992034912,0.6757050659457802,0.6340232034268787,0.04168186251890149,negative,0.4667389190120277,13.0,0.0,0.125
75b5537b,rotated,qwen_j_rot1,L01_SV40,1,40,14.705276489257812,1.5208564387366017,1.4803631810024713,0.04049325773413037,positive,2.4820883104690337,1173.0,131.0,0.0625
50ee9f71,rotated,qwen_j_rot0,L07_SV14,7,14,5.094366073608398,1.1161815883696062,1.0759803933934666,0.04020119497613961,positive,1.7395114367445927,583.0,6.0,0.03125
bf21e6f7,rotated,qwen_j_rot0,L04_SV40,4,40,11.354870796203613,1.3460317186517694,1.3135525808767625,0.03247913777500688,negative,1.8269667542835428,488.0,192.0,0.046875
b1c6e3a2,rotated,qwen_j_rot1,L19_SV35,19,35,3.046283483505249,0.6548865598253795,0.6237529710130247,0.03113358881235473,positive,0.22965989779731233,7.0,0.0,0.0625
8de23a8c,rotated,qwen_j_rot0,L28_SV13,28,13,1.7643206119537354,0.9240009839747396,0.8934194937087045,0.030581490266035072,negative,1.1200674180827264,81.0,5.0,0.0625
ba8576c2,rotated,qwen_j_rot0,L24_SV36,24,36,2.0928332805633545,0.7503841094232391,0.7224137890433395,0.02797032037989955,positive,0.4923750899682986,14.0,3.0,0.15625
95d6f6be,rotated,qwen_j_rot0,L11_SV24,11,24,5.048131942749023,0.9870439530156777,0.959990752017322,0.02705320099835573,negative,1.2127121578173234,224.0,4.0,0.015625
a6f3ddd2,rotated,qwen_j_rot0,L09_SV16,9,16,4.662078857421875,1.0576127483575848,1.0336355626426004,0.023977185714984417,negative,1.7678173191548563,437.0,92.0,0.0625
e538647b,rotated,qwen_j_rot0,L10_SV61,10,61,4.360154151916504,1.025555557072287,1.0017789128510868,0.023776644221200183,negative,1.3240209887305685,229.0,25.0,0.03125
857f43ca,rotated,qwen_j_rot1,L16_SV10,16,10,3.999936580657959,0.7424833202906272,0.7199082201535825,0.02257510013704478,negative,0.5807414361906966,42.0,0.0,0.03125
a3c7874a,rotated,qwen_j_rot1,L14_SV57,14,57,4.63433313369751,0.8382017933917375,0.8174431750662977,0.020758618325439793,negative,0.7669693042359049,79.0,0.0,0.0625
c2a1797f,rotated,qwen_j_rot0,L05_SV29,5,29,10.969263076782227,1.2650472982218552,1.2462759955305014,0.018771302691353853,positive,1.9816201239112665,541.0,136.0,0.03125
938d36da,rotated,qwen_j_rot0,L02_SV21,2,21,12.343381881713867,1.501486654755893,1.4843947522669807,0.017091902488912236,positive,2.5321978629120316,997.0,183.0,0.046875
c8269b8d,rotated,qwen_j_rot1,L00_SV61,0,61,20.66657829284668,1.6263528533369274,1.6099413647271563,0.01641148860977104,positive,3.273066994068288,1712.0,35.0,0.0625
4a779c0a,rotated,qwen_j_rot0,L06_SV41,6,41,4.913111209869385,1.1999149943372411,1.1862510537324609,0.013663940604780267,negative,1.6057262405695214,308.0,72.0,0.265625
6a0660a2,rotated,qwen_j_rot1,L10_SV59,10,59,4.510161399841309,1.0108108924647792,1.0017789128510868,0.009031979613692398,positive,1.1507812337565326,269.0,3.0,0.03125
2d7e7bdf,rotated,qwen_j_rot0,L27_SV48,27,48,1.8383692502975464,0.7704081454052799,0.7630482210490264,0.007359924356253544,negative,0.6714711679273848,28.0,1.0,0.09375
867db679,rotated,qwen_j_rot0,L01_SV57,1,57,13.696189880371094,1.4876737364315042,1.4803631810024713,0.007310555429032917,negative,2.8326674229595037,1413.0,41.0,0.109375
da81937f,rotated,qwen_j_rot0,L25_SV22,25,22,2.0653774738311768,0.6666917784361004,0.6594453562965057,0.007246422139594699,positive,0.3080242562032387,10.0,0.0,0.34375
631f92cf,rotated,qwen_j_rot0,L26_SV22,26,22,2.00667405128479,0.7798497331263334,0.7730389029064947,0.006810830219838748,negative,0.646512583921234,36.0,0.0,0.078125
b8627f04,rotated,qwen_j_rot1,L11_SV53,11,53,5.051608085632324,0.9660979746512559,0.959990752017322,0.006107222633933929,positive,1.092388175931819,121.0,18.0,0.0625
3d2718ca,rotated,qwen_j_rot1,L22_SV20,22,20,2.2799439430236816,0.6782729736023222,0.6729032177755744,0.005369755826747813,positive,0.4528445959678091,15.0,11.0,0.140625
a6792c59,rotated,qwen_j_rot0,L12_SV22,12,22,4.79478645324707,0.8826647741477531,0.8776491379341842,0.00501563621356893,negative,0.9061682066372097,123.0,12.0,0.03125
1291d9fd,rotated,qwen_j_rot0,L20_SV15,20,15,2.6334640979766846,0.608590020465785,0.6036569937785811,0.004933026687203967,negative,0.33423467612407354,9.0,2.0,0.125
865b1adf,rotated,qwen_j_rot1,L08_SV02,8,2,5.159623146057129,1.082655896506642,1.0778445486702353,0.0048113478364066875,negative,1.707594452259964,511.0,9.0,0.03125
522c97d9,rotated,qwen_j_rot1,L15_SV41,15,41,5.374739646911621,0.8530716233335605,0.8483131839083643,0.004758439425196159,positive,0.9696882803203981,146.0,13.0,0.03125
43eb2b39,rotated,qwen_j_rot1,L14_SV28,14,28,4.375148773193359,0.8220462314147041,0.8174431750662977,0.004603056348406409,positive,0.7058863890635614,57.0,4.0,0.03125
0143d611,rotated,qwen_j_rot1,L18_SV27,18,27,3.572544813156128,0.7166938504977857,0.7121478536609158,0.004545996836869848,positive,0.6782177750509417,42.0,5.0,0.09375
9debfb16,rotated,qwen_j_rot1,L13_SV06,13,6,4.485439777374268,0.899527884154365,0.8953038105936345,0.004224073560730512,positive,0.9265458643405662,135.0,6.0,0.03125
56b9f46f,rotated,qwen_j_rot1,L09_SV35,9,35,5.155930995941162,1.0375865245937277,1.0336355626426004,0.003950961951127319,positive,1.409936736615153,304.0,51.0,0.25
06aaa17e,rotated,qwen_j_rot1,L21_SV48,21,48,3.231001615524292,0.6378482124200616,0.6340232034268787,0.0038250089931829434,positive,0.3947486329540202,16.0,0.0,0.078125
fb366ccf,rotated,qwen_j_rot1,L17_SV07,17,7,3.944413661956787,0.7180269552832487,0.714530014670335,0.0034969406129137237,positive,0.47907000684868484,44.0,0.0,0.03125
ebeae66f,rotated,qwen_j_rot0,L03_SV30,3,30,10.494763374328613,1.3163489962678014,1.313123298743561,0.0032256975242404007,positive,2.2622652233450244,957.0,103.0,0.0625
d49058de,rotated,qwen_j_rot0,L16_SV62,16,62,4.161604881286621,0.7230625740231336,0.7199082201535825,0.0031543538695510964,positive,0.49258427201445754,37.0,1.0,0.03125
7aa4d81b,rotated,qwen_j_rot1,L29_SV37,29,37,1.540937066078186,0.64408296519785,0.6410626690245538,0.003020296173296244,negative,0.21466626469883732,6.0,0.0,0.109375
f6640347,rotated,qwen_j_rot0,L29_SV58,29,58,1.5909669399261475,0.643838245054416,0.6410626690245538,0.0027755760298622256,positive,0.25758618280559675,14.0,0.0,0.140625
e5f8274f,rotated,qwen_j_rot1,L07_SV05,7,5,4.614927768707275,1.0785898657243138,1.0759803933934666,0.0026094723308471846,negative,1.8270340511343228,469.0,6.0,0.0625
1dd2f021,rotated,qwen_j_rot0,L22_SV32,22,32,2.2492051124572754,0.6752334260488382,0.6729032177755744,0.0023302082732638008,negative,0.38093541316879564,28.0,1.0,0.0625
844e3e33,rotated,qwen_j_rot1,L19_SV60,19,60,3.076178789138794,0.6258539512575619,0.6237529710130247,0.0021009802445371983,positive,0.35644971663209946,10.0,0.0,0.046875
e7a5e555,rotated,qwen_j_rot1,L24_SV01,24,1,2.0587308406829834,0.7240842359465992,0.7224137890433395,0.0016704469032596814,positive,0.4348603072099735,20.0,0.0,0.125
ed49ff37,rotated,qwen_j_rot1,L13_SV61,13,61,5.104919910430908,0.8966389481887619,0.8953038105936345,0.001335137595127378,negative,1.013127090814442,148.0,6.0,0.046875
37a0fc19,rotated,qwen_j_rot0,L27_SV38,27,38,1.8080072402954102,0.7640455045289891,0.7630482210490264,0.0009972834799627517,positive,0.5138449716413525,25.0,0.0,0.21875
81fff9f0,rotated,qwen_j_rot1,L23_SV52,23,52,2.1975698471069336,0.6650094656932268,0.6641316648014041,0.0008778008918227664,negative,0.3397339726271098,12.0,0.0,0.125
4d059841,rotated,qwen_j_rot0,L20_SV16,20,16,2.536201000213623,0.6040119354614842,0.6036569937785811,0.00035494168290317596,positive,0.33626214637960716,7.0,0.0,0.078125
4120329e,rotated,qwen_j_rot1,L05_SV46,5,46,11.393026351928711,1.2466241249566024,1.2462759955305014,0.00034812942610096265,negative,1.8805292398042983,750.0,8.0,0.0625
06af9c42,svd,qwen_j_scan,L22_SV05,22,5,2.6188771724700928,2.921032162566728,0.6729032177755744,2.2481289447911537,negative,8.625552137558417,455.0,5.0,0.609375
39869905,svd,qwen_j_scan,L27_SV03,27,3,2.0846638679504395,2.9916213590089153,0.7630482210490264,2.2285731379598888,negative,9.48573145578981,468.0,1.0,0.078125
40f2cf8e,svd,qwen_j_scan,L23_SV05,23,5,2.3900198936462402,2.5367679854311747,0.6641316648014041,1.8726363206297707,negative,7.545559606070448,447.0,1.0,0.4375
259e6bac,svd,qwen_j_scan,L28_SV03,28,3,1.9660378694534302,2.666188333679639,0.8934194937087045,1.7727688399709345,positive,6.881270720268059,309.0,5.0,0.0625
29674d8c,svd,qwen_j_scan,L28_SV04,28,4,1.9366345405578613,2.62866162635355,0.8934194937087045,1.7352421326448455,negative,8.673085495946122,464.0,23.0,0.0625
796d1176,svd,qwen_j_scan,L25_SV05,25,5,2.2382993698120117,2.305397488110218,0.6594453562965057,1.6459521318137125,negative,6.9627290832735405,401.0,3.0,0.234375
ab48fca0,svd,qwen_j_scan,L24_SV03,24,3,2.3857600688934326,2.1047698160550423,0.7224137890433395,1.3823560270117028,positive,5.176925004238006,313.0,3.0,0.265625
dcd19486,svd,qwen_j_scan,L27_SV04,27,4,2.004110336303711,2.0875033734993242,0.7630482210490264,1.3244551524502979,positive,5.233185110638992,174.0,3.0,0.09375
b24a912d,svd,qwen_j_scan,L02_SV03,2,3,21.173198699951172,2.785078994121003,1.4843947522669807,1.300684241854022,negative,7.134255954619242,899.0,890.0,0.125
bb73903f,svd,qwen_j_scan,L26_SV03,26,3,2.3132565021514893,1.8647226585969288,0.7730389029064947,1.091683755690434,negative,4.895379175984652,344.0,3.0,0.0625
ac05062e,svd,qwen_j_scan,L21_SV05,21,5,2.7532734870910645,1.7250817492067443,0.6340232034268787,1.0910585457798656,positive,4.2363918183892855,327.0,0.0,0.09375
710d9143,svd,qwen_j_scan,L28_SV06,28,6,1.8425166606903076,1.8452398257343114,0.8934194937087045,0.9518203320256069,negative,4.266379187561032,176.0,81.0,0.109375
a70e562f,svd,qwen_j_scan,L26_SV04,26,4,2.276465892791748,1.6930593743799067,0.7730389029064947,0.920020471473412,negative,3.83963601717866,323.0,0.0,0.09375
6a3f4e24,svd,qwen_j_scan,L08_SV05,8,5,6.700375556945801,1.9683520161687103,1.0778445486702353,0.890507467498475,negative,4.303145120588407,607.0,293.0,0.078125
083d65a8,svd,qwen_j_scan,L01_SV05,1,5,21.26749038696289,2.283884045201381,1.4803631810024713,0.8035208641989096,negative,4.120817934405929,728.0,890.0,0.109375
2b3a6b23,svd,qwen_j_scan,L14_SV06,14,6,6.224233627319336,1.5970171636271664,0.8174431750662977,0.7795739885608687,negative,3.4251577640563964,500.0,139.0,0.078125
5cfc2cc5,svd,qwen_j_scan,L09_SV05,9,5,6.753896236419678,1.8121159699337324,1.0336355626426004,0.778480407291132,negative,3.86186008037246,622.0,317.0,0.078125
ba55233f,svd,qwen_j_scan,L16_SV06,16,6,5.560920238494873,1.453256188841049,0.7199082201535825,0.7333479686874664,negative,2.6830936424109613,340.0,217.0,0.078125
18ab0dd9,svd,qwen_j_scan,L10_SV05,10,5,6.533146381378174,1.720099849247664,1.0017789128510868,0.7183209363965772,negative,3.600752056169217,611.0,189.0,0.078125
bb63dcfb,svd,qwen_j_scan,L11_SV05,11,5,6.593453407287598,1.639499319150338,0.959990752017322,0.679508567133016,negative,3.262119435535178,599.0,156.0,0.078125
be4fa621,svd,qwen_j_scan,L07_SV05,7,5,6.818543434143066,1.7510553911536033,1.0759803933934666,0.6750749977601367,negative,3.7009650353508086,586.0,373.0,0.09375
74fa754f,svd,qwen_j_scan,L20_SV04,20,4,3.4375557899475098,1.2418844461271392,0.6036569937785811,0.6382274523485582,negative,1.994590699829736,277.0,1.0,0.03125
987d681c,svd,qwen_j_scan,L13_SV06,13,6,6.198198318481445,1.5034007134232212,0.8953038105936345,0.6080969028295867,negative,2.9693341971343887,508.0,163.0,0.09375
5b552e88,svd,qwen_j_scan,L24_SV06,24,6,2.1821959018707275,1.3297588009601122,0.7224137890433395,0.6073450119167727,negative,1.6920353759733926,111.0,0.0,0.1875
f6d342b7,svd,qwen_j_scan,L06_SV05,6,5,6.806421279907227,1.784718834831479,1.1862510537324609,0.5984677810990182,negative,3.6271345665464567,531.0,404.0,0.0625
fdc1c300,svd,qwen_j_scan,L27_SV08,27,8,1.9100875854492188,1.29839276108688,0.7630482210490264,0.5353445400378536,negative,2.199802315006858,216.0,0.0,0.078125
51ca2f62,svd,qwen_j_scan,L26_SV06,26,6,2.1241157054901123,1.2235253754943944,0.7730389029064947,0.45048647258789976,positive,1.6083911220524838,76.0,2.0,0.125
0efed0a1,svd,qwen_j_scan,L18_SV03,18,3,4.260258197784424,1.139306791148966,0.7121478536609158,0.4271589374880502,negative,1.6311011826914132,343.0,0.0,0.046875
4455cd81,svd,qwen_j_scan,L22_SV04,22,4,2.6935741901397705,1.088920115261878,0.6729032177755744,0.41601689748630355,negative,1.9015247201686503,318.0,20.0,0.625
6a030ac5,svd,qwen_j_scan,L17_SV05,17,5,5.434906005859375,1.127307407955616,0.714530014670335,0.41277739328528107,negative,1.950290282684656,294.0,181.0,0.125
1ac0ed62,svd,qwen_j_scan,L25_SV09,25,9,2.085698366165161,1.0622156335483446,0.6594453562965057,0.4027702772518389,positive,1.1478944077885922,75.0,1.0,0.171875
329f285e,svd,qwen_j_scan,L23_SV10,23,10,2.2115159034729004,1.0624583484272732,0.6641316648014041,0.3983266836258691,negative,1.4121440819720217,113.0,0.0,0.109375
ab9e33cb,svd,qwen_j_scan,L16_SV02,16,2,7.0637407302856445,1.1139184816666752,0.7199082201535825,0.3940102615130927,negative,2.3788705174334934,1080.0,1.0,0.4375
264540bf,svd,qwen_j_scan,L23_SV04,23,4,2.5996522903442383,1.053140954550662,0.6641316648014041,0.38900928974925797,negative,1.52617576278839,245.0,0.0,0.546875
fd64cd38,svd,qwen_j_scan,L25_SV06,25,6,2.124303102493286,1.037398984879852,0.6594453562965057,0.37795362858334625,negative,1.6216840916096746,177.0,0.0,0.109375
8e03178d,svd,qwen_j_scan,L22_SV07,22,7,2.4946258068084717,1.0473906785303668,0.6729032177755744,0.37448746075479244,negative,1.6837912288981052,277.0,0.0,0.109375
78a2d073,svd,qwen_j_scan,L18_SV04,18,4,3.9368674755096436,1.0732249035569716,0.7121478536609158,0.3610770498960558,negative,1.5232427071895431,258.0,1.0,0.0625
a969a4fd,svd,qwen_j_scan,L21_SV03,21,3,3.0691616535186768,0.983317131796512,0.6340232034268787,0.34929392836963336,negative,1.2631710870745776,166.0,0.0,0.078125
1eafc9ef,svd,qwen_j_scan,L26_SV09,26,9,2.062654733657837,1.121092352279862,0.7730389029064947,0.34805344937336724,positive,1.2147506285527916,83.0,2.0,0.171875
e0821734,svd,qwen_j_scan,L12_SV07,12,7,5.901239395141602,1.2256029934429793,0.8776491379341842,0.3479538555087951,positive,2.289269696699612,588.0,295.0,0.125
3b117843,svd,qwen_j_scan,L21_SV04,21,4,2.7967188358306885,0.9799956296737938,0.6340232034268787,0.34597242624691515,negative,1.787019595926413,279.0,37.0,0.421875
aeee04fa,svd,qwen_j_scan,L05_SV01,5,1,21.254959106445312,1.5872232634281989,1.2462759955305014,0.34094726789769747,negative,3.350452540331995,541.0,962.0,0.046875
bfd5435c,svd,qwen_j_scan,L20_SV07,20,7,2.772660732269287,0.9434606601662043,0.6036569937785811,0.33980366638762327,negative,1.3414050531158779,207.0,79.0,0.125
58c370a4,svd,qwen_j_scan,L05_SV12,5,12,13.17581558227539,1.5798972489333456,1.2462759955305014,0.3336212534028442,positive,3.0480891760067808,874.0,219.0,0.046875
99841c0e,svd,qwen_j_scan,L29_SV04,29,4,1.7454992532730103,0.9675961691803578,0.6410626690245538,0.32653350015580407,positive,0.8130110178342025,67.0,0.0,0.296875
247fb660,svd,qwen_j_scan,L03_SV04,3,4,18.41018295288086,1.638382551684048,1.313123298743561,0.32525925294048696,negative,3.572272891771849,531.0,791.0,0.1875
cfa1efa1,svd,qwen_j_scan,L27_SV07,27,7,1.9189188480377197,1.0834939296356314,0.7630482210490264,0.32044570858660504,negative,1.4266139424324509,125.0,5.0,0.15625
568c0d24,svd,qwen_j_scan,L19_SV04,19,4,3.690826416015625,0.9217777913914056,0.6237529710130247,0.29802482037838085,negative,0.9863403096838574,129.0,3.0,0.03125
0245c731,svd,qwen_j_scan,L08_SV13,8,13,5.222809314727783,1.3741872621769242,1.0778445486702353,0.29634271350668895,negative,2.5273245706051197,759.0,21.0,0.046875
2a19c291,svd,qwen_j_scan,L28_SV08,28,8,1.8085353374481201,1.1805644874020829,0.8934194937087045,0.2871449936933783,negative,1.742704861637617,100.0,36.0,0.0625
a6b30560,svd,qwen_j_scan,L26_SV08,26,8,2.0911977291107178,1.0372649312506148,0.7730389029064947,0.2642260283441201,negative,1.5294165878376003,179.0,0.0,0.09375
ff83e4b2,svd,qwen_j_scan,L07_SV13,7,13,5.22645378112793,1.3340096157863615,1.0759803933934666,0.25802922239289483,negative,2.162447949120444,707.0,2.0,0.046875
af9f685f,svd,qwen_j_scan,L22_SV01,22,1,7.219682693481445,0.9284855258528109,0.6729032177755744,0.2555823080772365,negative,1.4329263634870992,332.0,0.0,0.609375
8b2d6081,svd,qwen_j_scan,L16_SV04,16,4,5.866049289703369,0.9660502928442831,0.7199082201535825,0.24614207269070065,positive,1.347438747864043,212.0,30.0,0.078125
09d70a62,svd,qwen_j_scan,L19_SV02,19,2,4.005462646484375,0.8574514732798225,0.6237529710130247,0.23369850226679778,negative,0.8258475173286937,78.0,0.0,0.046875
aef88f27,svd,qwen_j_scan,L12_SV05,12,5,6.181553363800049,1.1105564564068418,0.8776491379341842,0.23290731847265755,negative,1.7135310690819718,332.0,45.0,0.09375
877cca3d,svd,qwen_j_scan,L10_SV06,10,6,5.9813947677612305,1.2237192977693285,1.0017789128510868,0.22194038491824175,positive,2.2666551771264807,589.0,276.0,0.109375
22da2da9,svd,qwen_j_scan,L15_SV02,15,2,9.52173900604248,1.0659775903138986,0.8483131839083643,0.2176644064055343,positive,1.4476762288884437,324.0,19.0,0.046875
ebb6941b,svd,qwen_j_scan,L24_SV05,24,5,2.3026039600372314,0.9363949672130859,0.7224137890433395,0.21398117816974638,negative,0.9180050931700037,87.0,0.0,0.265625
564cfdd8,svd,qwen_j_scan,L15_SV12,15,12,5.498147964477539,1.0601625124667295,0.8483131839083643,0.21184932855836525,negative,1.5544804363408344,308.0,0.0,0.03125
47072128,svd,qwen_j_scan,L22_SV03,22,3,2.9035797119140625,0.8777366391166441,0.6729032177755744,0.20483342134106974,negative,0.9963321753326793,125.0,0.0,0.078125
d9835e87,svd,qwen_j_scan,L23_SV07,23,7,2.2724530696868896,0.8681821437936124,0.6641316648014041,0.2040504789922083,positive,1.2530233101236838,90.0,19.0,0.046875
c8d08f5e,svd,qwen_j_scan,L05_SV02,5,2,19.032312393188477,1.4484263472635754,1.2462759955305014,0.20215035173307405,negative,3.100260181534807,771.0,549.0,0.0625
1cfc8825,svd,qwen_j_scan,L10_SV02,10,2,8.431987762451172,1.2014682669130428,1.0017789128510868,0.19968935406195598,negative,1.8721079426479736,287.0,181.0,0.046875
b207ec2b,svd,qwen_j_scan,L11_SV02,11,2,8.981801986694336,1.1565791678554487,0.959990752017322,0.1965884158381267,negative,1.8653765468340335,266.0,180.0,0.078125
7d41cfa1,svd,qwen_j_scan,L05_SV04,5,4,18.20371437072754,1.4394465058153216,1.2462759955305014,0.19317051028482024,negative,2.8813312857601314,652.0,441.0,0.109375
e221770f,svd,qwen_j_scan,L09_SV13,9,13,5.220272064208984,1.217827993540406,1.0336355626426004,0.18419243089780557,negative,2.065471219455045,497.0,25.0,0.046875
f74cbf97,svd,qwen_j_scan,L05_SV05,5,5,17.376537322998047,1.4154857124540177,1.2462759955305014,0.16920971692351627,positive,2.208775662521634,760.0,139.0,0.0625
a7b068c7,svd,qwen_j_scan,L05_SV09,5,9,15.36723804473877,1.4133470658787992,1.2462759955305014,0.16707107034829782,positive,3.1926040119982986,900.0,400.0,0.171875
cb568e88,svd,qwen_j_scan,L16_SV08,16,8,5.248141288757324,0.876913530601921,0.7199082201535825,0.15700531044833854,positive,1.1345785871300835,199.0,44.0,0.1875
31069229,svd,qwen_j_scan,L14_SV04,14,4,7.385596752166748,0.9709337570380719,0.8174431750662977,0.15349058197177423,negative,1.0426832829836892,164.0,5.0,0.0625
7f961166,svd,qwen_j_scan,L15_SV28,15,28,4.415423393249512,0.9998955953217133,0.8483131839083643,0.15158241141334905,negative,1.3532392219889893,180.0,7.0,0.03125
e18839cf,svd,qwen_j_scan,L09_SV04,9,4,7.81740665435791,1.184410795697119,1.0336355626426004,0.15077523305451868,positive,1.6526440699892966,296.0,52.0,0.03125
493599cb,svd,qwen_j_scan,L17_SV03,17,3,5.766953468322754,0.8647660392116959,0.714530014670335,0.15023602454136098,positive,0.9165799285200102,110.0,3.0,0.0625
d944b667,svd,qwen_j_scan,L15_SV10,15,10,5.834780693054199,0.9921170710963789,0.8483131839083643,0.14380388718801462,positive,1.6631305496184154,245.0,168.0,0.140625
38c4675b,svd,qwen_j_scan,L21_SV01,21,1,7.341608047485352,0.776531395536926,0.6340232034268787,0.14250819211004728,positive,0.870545143155804,6.0,42.0,0.203125
10f383a0,svd,qwen_j_scan,L07_SV12,7,12,5.274694919586182,1.2161056548411469,1.0759803933934666,0.14012526144768023,negative,2.053304522324791,517.0,11.0,0.0625
d6071ec7,svd,qwen_j_scan,L16_SV11,16,11,4.863415241241455,0.8580094965109538,0.7199082201535825,0.13810127635737135,positive,0.9836862158975821,168.0,12.0,0.125
aa806a08,svd,qwen_j_scan,L26_SV07,26,7,2.096348524093628,0.9000409624494212,0.7730389029064947,0.12700205954292654,positive,1.14095825468919,39.0,56.0,0.0625
f2f5b1d0,svd,qwen_j_scan,L12_SV34,12,34,4.194251537322998,1.0028887445559478,0.8776491379341842,0.1252396066217636,positive,1.1757322072200234,180.0,3.0,0.0625
