trajectory,sv_index_0,layer_a,layer_b,layer_distance,raw_cosine,abs_cosine,canonical_cosine,axis_angle_deg,raw_sign_flip,a_to_b_best_rank_0,a_to_b_best_abs_cosine,a_to_b_second_rank_0,a_to_b_second_abs_cosine,a_to_b_margin,b_to_a_best_rank_0,b_to_a_best_abs_cosine,b_to_a_second_rank_0,b_to_a_second_abs_cosine,b_to_a_margin,same_rank_is_reciprocal_best,sigma_a,sigma_b,relative_gap_a,relative_gap_b
SV_02,2,2,3,1,0.7595307206994468,0.7595307206994468,0.759530720699447,40.57715528847868,False,2,0.7595307206994467,6,0.09812390468364368,0.6614068160158031,2,0.7595307206994467,6,0.13003198063278912,0.6294987400666576,True,174.7201690673828,125.57561492919922,0.3186436336493352,0.3513909063895039
SV_02,2,2,4,2,0.6059906915059543,0.6059906915059543,0.6059906915059543,52.69983496804988,False,2,0.6059906915059537,3,0.18793754829547127,0.4180531432104825,2,0.6059906915059537,3,0.18644438843942235,0.4195463030665314,True,174.7201690673828,99.62339782714844,0.3186436336493352,0.3810774417633302
SV_02,2,2,5,3,0.46372854523815266,0.46372854523815266,0.4637285452381529,62.37203332492977,False,2,0.4637285452381531,3,0.17307108553311257,0.29065745970504053,2,0.4637285452381531,6,0.1597596544997838,0.3039688907383693,True,174.7201690673828,69.60091400146484,0.3186436336493352,0.3314817679048083
SV_02,2,2,6,4,0.4247177973340902,0.4247177973340902,0.42471779733409043,64.86719778671973,False,2,0.4247177973340901,3,0.14528395869915475,0.2794338386349353,2,0.4247177973340901,6,0.157861556194376,0.26685624113971407,True,174.7201690673828,58.891849517822266,0.3186436336493352,0.2644492586382626
SV_02,2,2,7,5,0.28303603764858465,0.28303603764858465,0.28303603764858454,73.55851119197135,False,2,0.2830360376485846,3,0.22957021210468548,0.053465825543899115,2,0.2830360376485846,30,0.23939455371891546,0.04364148392966913,True,174.7201690673828,49.951316833496094,0.3186436336493352,0.18357435424109075
SV_02,2,2,8,6,0.20878686203773952,0.20878686203773952,0.20878686203773977,77.94873126207472,False,3,0.2160320667778766,2,0.20878686203773963,0.007245204740136957,30,0.29562262470640527,2,0.20878686203773963,0.08683576266866563,False,174.7201690673828,47.76953887939453,0.3186436336493352,0.1883145040230791
SV_02,2,2,9,7,0.07049935746705127,0.07049935746705127,0.07049935746705129,85.9573308458513,False,1,0.10216490718596881,3,0.09495382483248797,0.0072110823534808355,30,0.2991925124355269,24,0.20178069256914685,0.09741181986638006,False,174.7201690673828,43.51554489135742,0.3186436336493352,0.1713558262799063
SV_02,2,2,10,8,0.03428438054955012,0.03428438054955012,0.03428438054955011,88.03526466523654,False,1,0.11004189147121561,7,0.08671367373442605,0.023328217736789558,30,0.26364229747632906,24,0.17845264458176674,0.08518965289456232,False,174.7201690673828,41.63362121582031,0.3186436336493352,0.14321572541113234
SV_02,2,2,11,9,0.031223754472951375,0.031223754472951375,0.031223754472951403,88.21071983277966,False,1,0.10201754538164488,7,0.07871170699427268,0.0233058383873722,30,0.2563697176297006,24,0.16124668889927415,0.09512302873042647,False,174.7201690673828,40.8612174987793,0.3186436336493352,0.13143574447816617
SV_02,2,3,4,1,0.7876891904915353,0.7876891904915353,0.7876891904915351,38.02991588163162,False,2,0.7876891904915347,1,0.15260331633250745,0.6350858741590273,2,0.7876891904915347,3,0.2460599847636084,0.5416292057279264,True,125.57561492919922,99.62339782714844,0.3513909063895039,0.3810774417633302
SV_02,2,3,5,2,0.600478743175771,0.600478743175771,0.6004787431757705,53.09580719987185,False,2,0.6004787431757703,1,0.17720727048125137,0.4232714726945189,2,0.6004787431757703,4,0.2903444249071698,0.31013431826860055,True,125.57561492919922,69.60091400146484,0.3513909063895039,0.3314817679048083
SV_02,2,3,6,3,0.5253591639542243,0.5253591639542243,0.5253591639542243,58.30757485879743,False,2,0.5253591639542243,3,0.15773118016343154,0.36762798379079276,2,0.5253591639542243,4,0.3122019639377701,0.21315720001645422,True,125.57561492919922,58.891849517822266,0.3513909063895039,0.2644492586382626
SV_02,2,3,7,4,0.34127111564964563,0.34127111564964563,0.3412711156496457,70.04566376765757,False,2,0.34127111564964585,3,0.24680535416661203,0.09446576148303382,4,0.39268291150509554,2,0.34127111564964585,0.05141179585544969,False,125.57561492919922,49.951316833496094,0.3513909063895039,0.18357435424109075
SV_02,2,3,8,5,0.24741227716928316,0.24741227716928316,0.24741227716928327,75.67556324865423,False,2,0.24741227716928332,3,0.22951090121259757,0.017901375956685756,4,0.393169782699813,11,0.29906526003311185,0.09410452266670116,False,125.57561492919922,47.76953887939453,0.3513909063895039,0.1883145040230791
SV_02,2,3,9,6,0.10498444762899135,0.10498444762899135,0.10498444762899131,83.97372947745046,False,1,0.13334408564363576,3,0.12861636242382035,0.004727723219815405,4,0.350463760865945,11,0.3366293625712429,0.013834398294702122,False,125.57561492919922,43.51554489135742,0.3513909063895039,0.1713558262799063
SV_02,2,3,10,7,0.06352274099313242,0.06352274099313242,0.06352274099313245,86.35796287773768,False,1,0.13676104560760144,7,0.10735708915260128,0.029403956455000158,11,0.3210826343321041,4,0.3091516289813986,0.011931005350705515,False,125.57561492919922,41.63362121582031,0.3513909063895039,0.14321572541113234
SV_02,2,3,11,8,0.055790627927755326,0.055790627927755326,0.05579062792775531,86.80177188679188,False,1,0.134539036146837,7,0.09945232230149119,0.0350867138453458,11,0.31564007774850517,4,0.28627686437551353,0.029363213372991637,False,125.57561492919922,40.8612174987793,0.3513909063895039,0.13143574447816617
SV_02,2,4,5,1,0.7569864238029422,0.7569864238029422,0.7569864238029418,40.8007568857165,False,2,0.7569864238029423,3,0.17145519560070374,0.5855312282022386,2,0.7569864238029423,4,0.22944426657746742,0.5275421572254749,True,99.62339782714844,69.60091400146484,0.3810774417633302,0.3314817679048083
SV_02,2,4,6,2,0.6355179312709089,0.6355179312709089,0.6355179312709087,50.54159094596955,False,2,0.6355179312709084,3,0.19843237597916327,0.4370855552917451,2,0.6355179312709084,4,0.29801879316436125,0.33749913810654714,True,99.62339782714844,58.891849517822266,0.3810774417633302,0.2644492586382626
SV_02,2,4,7,3,0.4126134491320639,0.4126134491320639,0.4126134491320639,65.63088633848585,False,2,0.412613449132064,3,0.2921266971838616,0.12048675194820241,2,0.412613449132064,4,0.39253859549316344,0.020074853638900547,True,99.62339782714844,49.951316833496094,0.3810774417633302,0.18357435424109075
SV_02,2,4,8,4,0.29349448217606605,0.29349448217606605,0.2934944821760658,72.93271812807617,False,2,0.29349448217606516,3,0.26631961766131473,0.02717486451475043,4,0.4062948100581856,2,0.29349448217606516,0.11280032788212041,False,99.62339782714844,47.76953887939453,0.3810774417633302,0.1883145040230791
SV_02,2,4,9,5,0.1490124921232928,0.1490124921232928,0.14901249212329287,81.43029662124651,False,3,0.16686196106790335,2,0.14901249212329284,0.017849468944610508,4,0.36427877800353115,9,0.2741663971018557,0.09011238090167545,False,99.62339782714844,43.51554489135742,0.3810774417633302,0.1713558262799063
SV_02,2,4,10,6,0.0975743795518822,0.0975743795518822,0.09757437955188217,84.4004905127332,False,3,0.1415995634487087,7,0.1407026024939991,0.0008969609547095914,4,0.3198432094087312,9,0.2896880431753602,0.030155166233371,False,99.62339782714844,41.63362121582031,0.3810774417633302,0.14321572541113234
SV_02,2,4,11,7,0.07985884413192165,0.07985884413192165,0.0798588441319217,85.41954785895554,False,1,0.13290551751797927,7,0.13094824182834333,0.00195727568963594,9,0.312316812002204,4,0.301337789842616,0.010979022159588014,False,99.62339782714844,40.8612174987793,0.3810774417633302,0.13143574447816617
SV_02,2,5,6,1,0.8769750698173551,0.8769750698173551,0.8769750698173555,28.72040668636997,False,2,0.8769750698173546,3,0.09746881621311744,0.7795062536042372,2,0.8769750698173546,4,0.17079296764758184,0.7061821021697727,True,69.60091400146484,58.891849517822266,0.3314817679048083,0.2644492586382626
SV_02,2,5,7,2,0.6401453244134143,0.6401453244134143,0.6401453244134141,50.197343171609994,False,2,0.6401453244134138,3,0.28867478015402176,0.351470544259392,2,0.6401453244134138,3,0.37377389328043814,0.2663714311329756,True,69.60091400146484,49.951316833496094,0.3314817679048083,0.18357435424109075
SV_02,2,5,8,3,0.4906589273458106,0.4906589273458106,0.49065892734581046,60.61609983856249,False,2,0.4906589273458103,3,0.2935755261549375,0.1970834011908728,3,0.49935766823709477,2,0.4906589273458103,0.008698740891284473,False,69.60091400146484,47.76953887939453,0.3314817679048083,0.1883145040230791
SV_02,2,5,9,4,0.32181153932454765,0.32181153932454765,0.3218115393245475,71.22748546287829,False,2,0.32181153932454765,3,0.23502099920228728,0.08679054012226037,3,0.5583926644627725,2,0.32181153932454765,0.23658112513822482,False,69.60091400146484,43.51554489135742,0.3314817679048083,0.1713558262799063
SV_02,2,5,10,5,0.24456841369299032,0.24456841369299032,0.2445684136929903,75.84367023783344,False,2,0.24456841369299015,3,0.21407384382955724,0.030494569863432908,3,0.5313458488162741,7,0.26854980628173536,0.26279604253453875,False,69.60091400146484,41.63362121582031,0.3314817679048083,0.14321572541113234
SV_02,2,5,11,6,0.2134164298895475,0.2134164298895475,0.2134164298895475,77.67736070475553,False,2,0.2134164298895476,3,0.20665934705019948,0.006757082839348116,3,0.5164565952298467,7,0.2961093813241833,0.22034721390566336,False,69.60091400146484,40.8612174987793,0.3314817679048083,0.13143574447816617
SV_02,2,6,7,1,0.8018337984450749,0.8018337984450749,0.8018337984450742,36.694424250983246,False,2,0.8018337984450742,3,0.2645460582250308,0.5372877402200433,2,0.8018337984450742,3,0.39560800534893176,0.40622579309614243,True,58.891849517822266,49.951316833496094,0.2644492586382626,0.18357435424109075
SV_02,2,6,8,2,0.6534266846293916,0.6534266846293916,0.6534266846293914,49.19953976426523,False,2,0.653426684629391,3,0.31111713009123465,0.34230955453815637,2,0.653426684629391,3,0.5771035539621043,0.07632313066728669,True,58.891849517822266,47.76953887939453,0.2644492586382626,0.1883145040230791
SV_02,2,6,9,3,0.44560851095594134,0.44560851095594134,0.4456085109559412,63.537722306101266,False,2,0.4456085109559412,3,0.27973992022384453,0.16586859073209664,3,0.6748601425596082,2,0.4456085109559412,0.22925163160366707,False,58.891849517822266,43.51554489135742,0.2644492586382626,0.1713558262799063
SV_02,2,6,10,4,0.3466491562126082,0.3466491562126082,0.3466491562126083,69.71750105727325,False,2,0.34664915621260833,1,0.2903925288168348,0.05625662739577353,3,0.6509264222891853,2,0.34664915621260833,0.30427726607657696,False,58.891849517822266,41.63362121582031,0.2644492586382626,0.14321572541113234
SV_02,2,6,11,5,0.3012999792956936,0.3012999792956936,0.3012999792956935,72.46430037142166,False,1,0.3180246941674569,2,0.30129997929569324,0.016724714871763635,3,0.647422298473557,2,0.30129997929569324,0.3461223191778638,False,58.891849517822266,40.8612174987793,0.2644492586382626,0.13143574447816617
SV_02,2,7,8,1,0.9234322644699856,0.9234322644699856,0.9234322644699856,22.566871261462975,False,2,0.9234322644699849,3,0.14740986932265146,0.7760223951473335,2,0.9234322644699849,3,0.23630296491111016,0.6871292995588748,True,49.951316833496094,47.76953887939453,0.18357435424109075,0.1883145040230791
SV_02,2,7,9,2,0.7327304370142396,0.7327304370142396,0.7327304370142401,42.88421270330215,False,2,0.7327304370142408,1,0.3175601671022492,0.4151702699119916,2,0.7327304370142408,3,0.4733372243860675,0.2593932126281733,True,49.951316833496094,43.51554489135742,0.18357435424109075,0.1713558262799063
SV_02,2,7,10,3,0.6187129202462698,0.6187129202462698,0.6187129202462699,51.77779410913622,False,2,0.6187129202462699,1,0.44787452657631166,0.17083839366995823,2,0.6187129202462699,3,0.50550070805914,0.11321221218712985,True,49.951316833496094,41.63362121582031,0.18357435424109075,0.14321572541113234
SV_02,2,7,11,4,0.5593167957657875,0.5593167957657875,0.5593167957657877,55.991437223499,False,2,0.559316795765788,1,0.49734646549321543,0.06197033027257254,2,0.559316795765788,3,0.5372165466301129,0.0221002491356751,True,49.951316833496094,40.8612174987793,0.18357435424109075,0.13143574447816617
SV_02,2,8,9,1,0.8429553078963961,0.8429553078963961,0.8429553078963961,32.5464786587268,False,2,0.8429553078963953,1,0.36016005035235743,0.48279525754403785,2,0.8429553078963953,3,0.2985081124731225,0.5444471954232728,True,47.76953887939453,43.51554489135742,0.1883145040230791,0.1713558262799063
SV_02,2,8,10,2,0.7284011206302925,0.7284011206302925,0.7284011206302927,43.24747870125997,False,2,0.7284011206302927,1,0.5105147381667415,0.2178863824635512,2,0.7284011206302927,3,0.3763105150694024,0.35209060556089034,True,47.76953887939453,41.63362121582031,0.1883145040230791,0.14321572541113234
SV_02,2,8,11,3,0.6776060922603808,0.6776060922603808,0.6776060922603798,47.34314330972338,False,2,0.6776060922603796,1,0.5554273722828589,0.12217871997752072,2,0.6776060922603796,3,0.4256319743783185,0.2519741178820611,True,47.76953887939453,40.8612174987793,0.1883145040230791,0.13143574447816617
SV_02,2,9,10,1,0.9489563341035682,0.9489563341035682,0.9489563341035686,18.385414498432112,False,2,0.9489563341035687,1,0.20224940744685238,0.7467069266567163,2,0.9489563341035687,1,0.12817550759339036,0.8207808265101784,True,43.51554489135742,41.63362121582031,0.1713558262799063,0.14321572541113234
SV_02,2,9,11,2,0.9100170940524778,0.9100170940524778,0.9100170940524779,24.492286093479688,False,2,0.9100170940524778,1,0.27886625015748473,0.6311508438949931,2,0.9100170940524778,3,0.14589416384196377,0.764122930210514,True,43.51554489135742,40.8612174987793,0.1713558262799063,0.13143574447816617
SV_02,2,10,11,1,0.9607947964630794,0.9607947964630794,0.9607947964630786,16.09676783874758,False,2,0.960794796463078,1,0.09734245839969259,0.8634523380633854,2,0.960794796463078,3,0.05914956554806502,0.9016452309150129,True,41.63362121582031,40.8612174987793,0.14321572541113234,0.13143574447816617
SV_09,9,9,10,1,-0.9721729991434176,0.9721729991434176,0.9721729991434184,13.548246860174595,True,9,0.9721729991434186,8,0.15062858459403777,0.8215444145493809,9,0.9721729991434186,8,0.1432336981312832,0.8289393010121354,True,23.13475227355957,22.74365997314453,0.026398119656470754,0.036457286794583266
SV_09,9,9,11,2,-0.9594058371574246,0.9594058371574246,0.959405837157425,16.381347929215405,True,9,0.9594058371574243,8,0.17491166833996694,0.7844941688174574,9,0.9594058371574243,8,0.16640351936457617,0.7930023177928481,True,23.13475227355957,22.612668991088867,0.026398119656470754,0.039087765722571645
SV_09,9,9,12,3,-0.9473713905873584,0.9473713905873584,0.947371390587358,18.671186605039484,True,9,0.9473713905873586,8,0.1868781258560869,0.7604932647312718,9,0.9473713905873586,8,0.18093446002484792,0.7664369305625107,True,23.13475227355957,22.490596771240234,0.026398119656470754,0.04422565311600256
SV_09,9,9,13,4,-0.9138304383583579,0.9138304383583579,0.9138304383583584,23.959823974838216,True,9,0.9138304383583588,8,0.238224605839088,0.6756058325192708,9,0.9138304383583588,8,0.22648598978850953,0.6873444485698492,True,23.13475227355957,22.300392150878906,0.026398119656470754,0.049708907794401354
SV_09,9,9,14,5,-0.8639761779390319,0.8639761779390319,0.8639761779390317,30.233997020478988,True,9,0.863976177939032,7,0.2591763771451958,0.6047998007938362,9,0.863976177939032,8,0.19646200447245435,0.6675141734665777,True,23.13475227355957,21.894201278686523,0.026398119656470754,0.03445679787038215
SV_09,9,9,15,6,0.6839433099036634,0.6839433099036634,0.6839433099036636,46.847438974456416,False,9,0.6839433099036641,7,0.537435846137344,0.14650746376632018,9,0.6839433099036641,11,0.3629762175382962,0.32096709236536797,True,23.13475227355957,21.295825958251953,0.026398119656470754,0.014140433094202261
SV_09,9,10,11,1,0.991365810596559,0.991365810596559,0.99136581059656,7.534620683406827,False,9,0.9913658105965597,7,0.03941362695446191,0.9519521836420978,9,0.9913658105965597,7,0.027759426164280815,0.9636063844322789,True,22.74365997314453,22.612668991088867,0.036457286794583266,0.039087765722571645
SV_09,9,10,12,2,0.9846213423355664,0.9846213423355664,0.9846213423355663,10.061320720576417,False,9,0.9846213423355654,7,0.05144439366815403,0.9331769486674114,9,0.9846213423355654,8,0.040888488345276405,0.9437328539902891,True,22.74365997314453,22.490596771240234,0.036457286794583266,0.04422565311600256
SV_09,9,10,13,3,0.9607372194277177,0.9607372194277177,0.9607372194277168,16.108661835785718,False,9,0.9607372194277175,7,0.14120522629693177,0.8195319931307857,9,0.9607372194277175,8,0.09023211074053913,0.8705051086871783,True,22.74365997314453,22.300392150878906,0.036457286794583266,0.049708907794401354
SV_09,9,10,14,4,0.9158754821535215,0.9158754821535215,0.9158754821535218,23.669635362335836,False,9,0.9158754821535221,7,0.24889611086452312,0.666979371288999,9,0.9158754821535221,7,0.1315399682701174,0.7843355138834047,True,22.74365997314453,21.894201278686523,0.036457286794583266,0.03445679787038215
SV_09,9,10,15,5,-0.752290937544995,0.752290937544995,0.7522909375449949,41.21078242825231,True,9,0.7522909375449943,7,0.47659454000625934,0.275696397538735,9,0.7522909375449943,11,0.3204283363170881,0.4318626012279062,True,22.74365997314453,21.295825958251953,0.036457286794583266,0.014140433094202261
SV_09,9,11,12,1,0.9943057021322328,0.9943057021322328,0.9943057021322328,6.117359730433907,False,9,0.9943057021322319,13,0.01934383218604652,0.9749618699461854,9,0.9943057021322319,13,0.02171930208868422,0.9725864000435477,True,22.612668991088867,22.490596771240234,0.039087765722571645,0.04422565311600256
SV_09,9,11,13,2,0.9777848116604213,0.9777848116604213,0.9777848116604209,12.099569519000868,False,9,0.9777848116604211,7,0.09817393072593564,0.8796108809344855,9,0.9777848116604211,8,0.0669303456953271,0.910854465965094,True,22.612668991088867,22.300392150878906,0.039087765722571645,0.049708907794401354
SV_09,9,11,14,3,0.9367097410747146,0.9367097410747146,0.9367097410747147,20.493855441390487,False,9,0.936709741074715,7,0.20556906409414158,0.7311406769805735,9,0.936709741074715,7,0.11650654186129554,0.8202031992134196,True,22.612668991088867,21.894201278686523,0.039087765722571645,0.03445679787038215
SV_09,9,11,15,4,-0.7757227147774324,0.7757227147774324,0.7757227147774317,39.12939759206081,True,9,0.7757227147774309,7,0.4372573680534255,0.3384653467240054,9,0.7757227147774309,11,0.2998037080993441,0.47591900667808684,True,22.612668991088867,21.295825958251953,0.039087765722571645,0.014140433094202261
SV_09,9,12,13,1,0.9854931227971264,0.9854931227971264,0.9854931227971266,9.771270160532174,False,9,0.9854931227971259,7,0.08904565451627944,0.8964474682808464,9,0.9854931227971259,7,0.07197518141517728,0.9135179413819485,True,22.490596771240234,22.300392150878906,0.04422565311600256,0.049708907794401354
SV_09,9,12,14,2,0.9501619046472471,0.9501619046472471,0.950161904647248,18.165140441626942,False,9,0.9501619046472487,7,0.19391545922800574,0.756246445419243,9,0.9501619046472487,7,0.13012156329947328,0.8200403413477755,True,22.490596771240234,21.894201278686523,0.04422565311600256,0.03445679787038215
SV_09,9,12,15,3,-0.7932696136847108,0.7932696136847108,0.7932696136847108,37.50787952574861,True,9,0.7932696136847099,7,0.42161684008897504,0.3716527735957349,9,0.7932696136847099,11,0.2657846249941074,0.5274849886906026,True,22.490596771240234,21.295825958251953,0.04422565311600256,0.014140433094202261
SV_09,9,13,14,1,0.9737696688798299,0.9737696688798299,0.97376966887983,13.15204912841367,False,9,0.9737696688798305,7,0.0990741811440473,0.8746954877357832,9,0.9737696688798305,7,0.07263929232335128,0.9011303765564792,True,22.300392150878906,21.894201278686523,0.049708907794401354,0.03445679787038215
SV_09,9,13,15,2,-0.8226686781700598,0.8226686781700598,0.8226686781700596,34.647162110834145,True,9,0.8226686781700605,7,0.3250458389516734,0.4976228392183871,9,0.8226686781700605,13,0.25914617208414215,0.5635225060859184,True,22.300392150878906,21.295825958251953,0.049708907794401354,0.014140433094202261
SV_09,9,14,15,1,-0.8900190396021197,0.8900190396021197,0.8900190396021198,27.12436051254721,True,9,0.8900190396021201,7,0.2220757669561033,0.6679432726460168,9,0.8900190396021201,11,0.19414848626848555,0.6958705533336346,True,21.894201278686523,21.295825958251953,0.03445679787038215,0.014140433094202261
