rank,layer,direction_raw_norm,cv_cosine_n_events,cv_cosine_n_rollouts,cv_cosine_event_weighted_mean,cv_cosine_rollout_weighted_mean,cv_cosine_rollout_sd,cv_cosine_rollout_se,cv_cosine_standardized_rollout_effect,cv_cosine_rollout_consistency,cv_cosine_event_consistency,bootstrap_ci_low,bootstrap_ci_high,permutation_p_two_sided,permutation_p_directional,correct_cv_cosine_n_events,correct_cv_cosine_n_rollouts,correct_cv_cosine_rollout_weighted_mean,correct_cv_cosine_rollout_consistency,incorrect_cv_cosine_n_events,incorrect_cv_cosine_n_rollouts,incorrect_cv_cosine_rollout_weighted_mean,incorrect_cv_cosine_rollout_consistency,cv_projection_rollout_weighted_mean,cv_projection_standardized_rollout_effect,status_preservation_ratio,correct_vs_incorrect_direction_cosine,correct_direction_on_incorrect_mean_cosine,incorrect_direction_on_correct_mean_cosine,nearest_scanned_sv_rank,nearest_scanned_sv_cosine,nearest_scanned_sv_abs_cosine,rank_score,permutation_p_holm
1,20,1541.927490234375,45,19,0.11883139412835637,0.12076908568834796,0.06934575977681134,0.015909008370008856,1.7415496791302323,1.0,0.8666666666666667,0.0913290704871862,0.1516202689753416,9.999000099990002e-05,9.999000099990002e-05,24,14,0.16243166421783067,1.0,17,13,0.10469186679906974,0.9230769230769231,776.9819256988228,1.6935005183817826,0.8668763715677498,0.08231403678655624,0.03362327647592622,0.032394136897376406,2,0.01505309286196276,0.01505309286196276,1.567668619844604,0.0022997700229977006
2,21,1908.4456787109375,45,19,0.11896274500672208,0.12332418718767361,0.07325511055859203,0.016805874948568528,1.683489196143313,1.0,0.8666666666666667,0.09250266688836559,0.15551063750628602,9.999000099990002e-05,9.999000099990002e-05,24,14,0.16096457044132612,1.0,17,13,0.10846344214419582,0.9230769230769231,977.5988742345494,1.5957715585940668,0.879498536480416,0.09181883186101913,0.029356368507091023,0.03709827511468904,28,-0.025623660034151174,0.025623660034151174,1.531342012177305,0.0022997700229977006
3,19,1197.267822265625,45,19,0.11151852477184478,0.11585341685095948,0.0718128191942601,0.01647499061676514,1.6132693041553714,1.0,0.8444444444444444,0.0839263948110061,0.1480143430678093,9.999000099990002e-05,9.999000099990002e-05,24,14,0.15477298146964538,1.0,17,13,0.10224322502580385,0.9230769230769231,595.3689876786457,1.5287931864783024,0.882522309698776,0.060300156474113464,0.026751632527513287,0.025724665259868187,30,-0.012079986321165102,0.012079986321165102,1.4711269403908445,0.0022997700229977006
4,22,2249.264892578125,45,19,0.11253273677361733,0.1174033327063377,0.07440501854074873,0.017069681932178622,1.577895349116007,1.0,0.8444444444444444,0.08537633065725217,0.15049546770061586,9.999000099990002e-05,9.999000099990002e-05,24,14,0.14894830436433715,0.9285714285714286,17,13,0.10597712818182171,0.9230769230769231,1106.261589371836,1.5193593520971382,0.9026756373850436,0.09117499738931656,0.03114174497605346,0.033630270053846355,32,0.012759213950880715,0.012759213950880715,1.4627196047716424,0.0022997700229977006
5,18,891.9617309570312,45,19,0.11370649302800295,0.11767648703398234,0.07628877332641455,0.01750184491876433,1.5425138182584661,1.0,0.8222222222222222,0.08474010429763397,0.15135642333609578,9.999000099990002e-05,9.999000099990002e-05,24,14,0.16923144652211894,1.0,17,13,0.08651641394403418,0.9230769230769231,450.55525805643674,1.4362983566001282,0.7352056143471565,0.0007171817705966532,0.015304801324309166,0.005686572124986089,2,-0.011090511251750743,0.011090511251750743,1.2361770691083869,0.0022997700229977006
6,13,220.2194366455078,45,19,0.11715858938572159,0.12119976269537985,0.09565663390458451,0.021945136866807914,1.2670293501679568,0.8421052631578947,0.7777777777777778,0.07956650860126714,0.16301354285724348,9.999000099990002e-05,9.999000099990002e-05,24,14,0.14592680404727046,0.9285714285714286,17,13,0.13129015776035274,0.9230769230769231,116.75340213577455,1.1846535630822785,1.0,0.04701850190758705,0.02323497965494775,0.03508504875676544,28,-0.022352243167049615,0.022352243167049615,1.1670007172599601,0.0022997700229977006
7,17,642.1844482421875,45,19,0.10566444697973158,0.11071862335548392,0.07897443478588681,0.018117977913417044,1.4019552486277493,0.9473684210526315,0.8,0.07716129603957751,0.14484305157771732,9.999000099990002e-05,9.999000099990002e-05,24,14,0.15199172670918817,0.9285714285714286,17,13,0.08719091157507411,0.8461538461538461,313.4523375453729,1.2976696676430406,0.7874999610059324,-0.022364644333720207,0.007700916273064965,-0.001261086769083553,32,0.010740464392213784,0.010740464392213784,1.1475049427747286,0.0022997700229977006
8,4,49.78816223144531,45,19,0.1554540610678141,0.1636457036782836,0.125441849417852,0.028778333942277013,1.3045542969728785,1.0,0.7555555555555555,0.10957997789293628,0.22109594559381418,9.999000099990002e-05,9.999000099990002e-05,24,14,0.20325592400642023,0.8571428571428571,17,13,0.13519041273006144,0.8461538461538461,32.32776426561272,1.148635179200278,0.8261164802458649,0.2067045271396637,0.06874445983512052,0.06338852980169407,15,0.05273264864989693,0.05273264864989693,1.1344239273218595,0.0022997700229977006
9,10,124.01471710205078,45,19,0.1169779679032829,0.12060216383888142,0.09847295322646239,0.02259124483085037,1.2247237427878044,0.8421052631578947,0.7333333333333333,0.07841619359157935,0.1643396869277994,9.999000099990002e-05,9.999000099990002e-05,24,14,0.14860709570364375,0.8571428571428571,17,13,0.12823109003782582,0.9230769230769231,65.78174672068728,1.0826214943071608,1.0,0.07649024575948715,0.038765627650325735,0.03691441572735516,29,0.03568633326445788,0.03568633326445788,1.128035026251925,0.0022997700229977006
10,11,149.50230407714844,45,19,0.11855796269819739,0.12706239789170232,0.1042407847666825,0.02391447613649174,1.2189317086982836,0.8421052631578947,0.7555555555555555,0.08166169240162337,0.17249807375795081,0.00019998000199980003,9.999000099990002e-05,24,14,0.1429989774012494,0.7857142857142857,17,13,0.14301666474350308,0.9230769230769231,82.51196298354023,1.1101836455765812,1.0,0.11790559440851212,0.04544138417621025,0.04678669188060217,15,0.028898183233791237,0.028898183233791237,1.122700258011577,0.0022997700229977006
11,12,181.39076232910156,45,19,0.11933773803443515,0.12577319262454142,0.10572191541212292,0.02425427081047363,1.1896605555646154,0.8421052631578947,0.7333333333333333,0.07979426957421522,0.17220573475816797,0.00019998000199980003,9.999000099990002e-05,24,14,0.15106800130323866,0.8571428571428571,17,13,0.13206379264524223,0.9230769230769231,100.46993258721984,1.0907824962162953,1.0,0.06973328441381454,0.033058960463470954,0.037634568761185046,28,0.022690453971656116,0.022690453971656116,1.0957399853884615,0.0022997700229977006
12,8,84.39613342285156,45,19,0.11272377667256943,0.11482854305300587,0.09971349225515698,0.022875844002513412,1.1515848101997166,0.8947368421052632,0.7555555555555555,0.07371254693142218,0.15992889236709046,9.999000099990002e-05,9.999000099990002e-05,24,14,0.14057085633742203,0.8571428571428571,17,13,0.11483843893826552,0.8461538461538461,42.6923809604988,1.0480505546371537,1.0,0.07307630777359009,0.035447013859019785,0.03501095359896855,27,0.0762788037546722,0.0762788037546722,1.0909750833471,0.0022997700229977006
13,15,345.5667724609375,45,19,0.10244863444631469,0.11101449426586318,0.08952501484524059,0.020538446980493803,1.2400388255480423,0.8947368421052632,0.8,0.0730109247435517,0.14954938656533395,0.00019998000199980003,9.999000099990002e-05,24,14,0.14176035869873957,0.9285714285714286,17,13,0.10018109246887204,0.9230769230769231,171.37253722725973,1.1132346823192707,0.9024145282232537,0.0030788416042923927,0.010862398251527327,0.013911100907057735,1,0.016370008466882358,0.016370008466882358,1.0887929954418327,0.0022997700229977006
14,5,53.647281646728516,45,19,0.12372358061249272,0.13040376498451461,0.10725937848274222,0.024606989029118648,1.2157796066802333,0.9473684210526315,0.7777777777777778,0.08496112667561728,0.17916719941129156,9.999000099990002e-05,9.999000099990002e-05,24,14,0.15713661859698363,0.8571428571428571,17,13,0.11475933472000441,0.8461538461538461,30.106924064855793,1.095993355303314,0.8800308390914329,0.11473532766103745,0.04282290864037142,0.04126671628041619,31,0.06786376745256315,0.06786376745256315,1.0772721000688292,0.0022997700229977006
15,9,101.40386199951172,45,19,0.10880507619969486,0.11216399796587653,0.10027134826872934,0.02300382494926122,1.1186046652656414,0.8947368421052632,0.7333333333333333,0.06986957702398025,0.15706616214016436,9.999000099990002e-05,9.999000099990002e-05,24,14,0.1311301593724824,0.7857142857142857,17,13,0.12719305073494352,0.9230769230769231,50.86277525998853,1.02464097878353,1.0,0.06233969330787659,0.0296426983293675,0.03559126792793903,29,0.05952877460972335,0.05952877460972335,1.0597307355148182,0.0022997700229977006
16,16,460.0672607421875,45,19,0.10627309543906029,0.1158255270465423,0.09092502543449185,0.020859631437253442,1.2738575160475523,0.9473684210526315,0.8,0.07632411981179955,0.1567393991351063,9.999000099990002e-05,9.999000099990002e-05,24,14,0.15333006217866924,0.9285714285714286,17,13,0.09286807501599138,0.9230769230769231,233.85482560357798,1.150565472604159,0.8017928118615347,-0.032444391399621964,0.0038867759749378517,-0.0008679156337449376,21,0.010790635707087791,0.010790635707087791,1.0559524727681646,0.0022997700229977006
17,3,40.80811309814453,45,19,0.14420970174756262,0.1515555457209239,0.13730659341249113,0.03150029289299349,1.1037747128837914,0.8947368421052632,0.7777777777777778,0.09449560932147219,0.2136448628306992,0.00019998000199980003,9.999000099990002e-05,24,14,0.1727145188076935,0.7857142857142857,17,13,0.15193627929775622,0.9230769230769231,25.475213019913035,0.974005352857261,1.0,0.21911001205444336,0.07706818847130009,0.05931441322583258,18,-0.05361303196730979,0.05361303196730979,1.0456813069425392,0.0022997700229977006
18,14,272.6104431152344,45,19,0.1103686194891005,0.11593542618798754,0.09829703950722325,0.022550887455853222,1.1794396532101878,0.8421052631578947,0.8,0.07389929571561968,0.15954912257165535,9.999000099990002e-05,9.999000099990002e-05,24,14,0.15716539690377304,0.9285714285714286,17,13,0.10644433323677925,0.9230769230769231,141.44836222815542,1.0543565754523156,0.9181346611361171,0.0035808314569294453,0.014183232150877946,0.016955795726989072,30,-0.015284884771379422,0.015284884771379422,1.0196266620202188,0.0022997700229977006
19,7,72.75141906738281,45,19,0.11467280828007873,0.11970935743887971,0.10949564344667821,0.02512002339694905,1.0932796380814487,0.8421052631578947,0.8,0.07392073257143005,0.16932151543522186,0.00019998000199980003,0.00019998000199980003,24,14,0.1360627856791937,0.7857142857142857,17,13,0.12344244684233162,0.9230769230769231,37.70006046515643,0.9880152381827955,1.0,0.09446732699871063,0.039226839378936514,0.038873089083081507,26,0.03748329153010757,0.03748329153010757,1.0069680877065974,0.0022997700229977006
20,6,62.537437438964844,45,19,0.12076109953130161,0.1273590367950094,0.10806816789593232,0.024792538045892393,1.178506485995523,0.8947368421052632,0.7555555555555555,0.08268714411791053,0.1766543821719627,0.00019998000199980003,0.00019998000199980003,24,14,0.15467476816000097,0.8571428571428571,17,13,0.10879921283603709,0.8461538461538461,34.610695642002284,1.0827093550463032,0.8542716368933816,0.09208117425441742,0.037716830817427126,0.035594819130813755,14,0.043070311009193875,0.043070311009193875,0.9944527454142894,0.0022997700229977006
21,1,29.28645896911621,45,19,0.14810620802100014,0.15262770612024537,0.14016625862457152,0.03215634508624703,1.0889047593761578,0.7894736842105263,0.8,0.09353877087542346,0.21675735773286908,0.00019998000199980003,0.00019998000199980003,24,14,0.17046996632606604,0.7857142857142857,17,13,0.15096275925575947,0.9230769230769231,18.19871597883339,0.8883214748097096,0.9890914506493717,0.23429617285728455,0.0835138251570918,0.067309333055326,20,-0.0442951197156263,0.0442951197156263,0.9663121934339934,0.0022997700229977006
22,2,33.10908508300781,45,19,0.13553639881638196,0.1393597233017972,0.1290754275186921,0.02961193392885725,1.0796766354433787,0.8421052631578947,0.7555555555555555,0.08631795952244528,0.1968728234254214,9.999000099990002e-05,9.999000099990002e-05,24,14,0.17174896623247932,0.7857142857142857,17,13,0.11988891153389027,0.8461538461538461,19.579456463648118,0.9096555870271087,0.8602837942944177,0.18552158772945404,0.06166857493969468,0.050896579039717865,20,-0.04046711046657138,0.04046711046657138,0.8902345727519448,0.0022997700229977006
23,0,22.36185073852539,45,19,0.12143708830951591,0.11559433003280385,0.11686372592397394,0.026810377445696674,0.9891378108892754,0.7894736842105263,0.7333333333333333,0.06552708178025302,0.1685903043538203,0.00039996000399960006,0.00019998000199980003,24,14,0.1309010584678186,0.6428571428571429,17,13,0.12204275701442689,0.8461538461538461,11.513061873437403,0.9219973877004313,1.0,0.14763836562633514,0.052146727322550476,0.04522818880258888,32,-0.022632358004612975,0.022632358004612975,0.8850180413219833,0.0022997700229977006
